"";"ModulePath";"ModuleLevel";"AlternativeCost";"pid"
"1";"Font-Awesome/";1;86044;4
"9";"Font-Awesome/docs/assets/js/";4;50479;4
"14";"Font-Awesome/docs/";2;50479;4
"28";"Font-Awesome/build/";2;5736;4
"42";"Font-Awesome/build/assets/js/";4;4589;4
"61";"Font-Awesome/build/assets/";3;4589;4
"83";"Font-Awesome/src/";2;29829;4
"97";"Font-Awesome/src/assets/js/";4;11473;4
"107";"Font-Awesome/src/3.2.1/";3;18356;4
"268";"Font-Awesome/src/3.2.1/assets/";4;18356;4
"319";"Font-Awesome/";1;86044;4
"327";"Font-Awesome/docs/assets/js/";4;50479;4
"332";"Font-Awesome/docs/";2;50479;4
"346";"Font-Awesome/build/";2;5736;4
"360";"Font-Awesome/build/assets/js/";4;4589;4
"379";"Font-Awesome/build/assets/";3;4589;4
"401";"Font-Awesome/src/";2;29829;4
"415";"Font-Awesome/src/assets/js/";4;11473;4
"425";"Font-Awesome/src/3.2.1/";3;18356;4
"475";"Font-Awesome/docs/";2;50479;4
"489";"Font-Awesome/build/";2;5736;4
"503";"Font-Awesome/build/assets/js/";4;4589;4
"522";"Font-Awesome/build/assets/";3;4589;4
"544";"Font-Awesome/src/";2;29829;4
"558";"Font-Awesome/src/assets/js/";4;11473;4
"568";"Font-Awesome/src/3.2.1/";3;18356;4
"729";"Font-Awesome/src/3.2.1/assets/";4;18356;4
"780";"Font-Awesome/";1;86044;4
"788";"Font-Awesome/docs/assets/js/";4;50479;4
"793";"Font-Awesome/docs/";2;50479;4
"807";"Font-Awesome/build/";2;5736;4
"821";"Font-Awesome/build/assets/js/";4;4589;4
"840";"Font-Awesome/build/assets/";3;4589;4
"862";"Font-Awesome/src/";2;29829;4
"876";"Font-Awesome/src/assets/js/";4;11473;4
"886";"Font-Awesome/src/3.2.1/";3;18356;4
"1047";"Font-Awesome/src/3.2.1/assets/";4;18356;4
"1098";"Font-Awesome/";1;86044;4
"1106";"Font-Awesome/docs/assets/js/";4;50479;4
"1111";"Font-Awesome/docs/";2;50479;4
"1125";"Font-Awesome/build/";2;5736;4
"1139";"Font-Awesome/build/assets/js/";4;4589;4
"1158";"Font-Awesome/build/assets/";3;4589;4
"1180";"Font-Awesome/src/";2;29829;4
"1194";"Font-Awesome/src/assets/js/";4;11473;4
"1204";"Font-Awesome/src/3.2.1/";3;18356;4
"1365";"Font-Awesome/src/3.2.1/assets/";4;18356;4
"1416";"Font-Awesome/";1;86044;4
"1424";"Font-Awesome/docs/assets/js/";4;50479;4
"1429";"Font-Awesome/docs/";2;50479;4
"1443";"Font-Awesome/build/";2;5736;4
"1457";"Font-Awesome/build/assets/js/";4;4589;4
"1476";"Font-Awesome/build/assets/";3;4589;4
"1498";"Font-Awesome/src/";2;29829;4
"1512";"Font-Awesome/src/assets/js/";4;11473;4
"1522";"Font-Awesome/src/3.2.1/";3;18356;4
"1683";"Font-Awesome/src/3.2.1/assets/";4;18356;4
"1734";"Font-Awesome/";1;86044;4
"1742";"Font-Awesome/docs/assets/js/";4;50479;4
"1747";"Font-Awesome/docs/";2;50479;4
"1761";"Font-Awesome/build/";2;5736;4
"1775";"Font-Awesome/build/assets/js/";4;4589;4
"1794";"Font-Awesome/build/assets/";3;4589;4
"1816";"Font-Awesome/src/";2;29829;4
"1830";"Font-Awesome/src/assets/js/";4;11473;4
"1840";"Font-Awesome/src/3.2.1/";3;18356;4
"2001";"Font-Awesome/src/3.2.1/assets/";4;18356;4
"2052";"Font-Awesome/";1;86044;4
"2060";"Font-Awesome/docs/assets/js/";4;50479;4
"2065";"Font-Awesome/docs/";2;50479;4
"2079";"Font-Awesome/build/";2;5736;4
"2093";"Font-Awesome/build/assets/js/";4;4589;4
"2112";"Font-Awesome/build/assets/";3;4589;4
"2134";"Font-Awesome/src/";2;29829;4
"2148";"Font-Awesome/src/assets/js/";4;11473;4
"2158";"Font-Awesome/src/3.2.1/";3;18356;4
"2319";"Font-Awesome/src/3.2.1/assets/";4;18356;4
"2370";"Font-Awesome/";1;86044;4
"2378";"Font-Awesome/docs/assets/js/";4;50479;4
"2383";"Font-Awesome/docs/";2;50479;4
"2397";"Font-Awesome/build/";2;5736;4
"2411";"Font-Awesome/build/assets/js/";4;4589;4
"2430";"Font-Awesome/build/assets/";3;4589;4
"2452";"Font-Awesome/src/";2;29829;4
"2466";"Font-Awesome/src/assets/js/";4;11473;4
"2476";"Font-Awesome/src/3.2.1/";3;18356;4
"2637";"Font-Awesome/src/3.2.1/assets/";4;18356;4
"2688";"Font-Awesome/";1;86044;4
"2696";"Font-Awesome/docs/assets/js/";4;50479;4
"2701";"Font-Awesome/docs/";2;50479;4
"2715";"Font-Awesome/build/";2;5736;4
"2729";"Font-Awesome/build/assets/js/";4;4589;4
"2748";"Font-Awesome/build/assets/";3;4589;4
"2770";"Font-Awesome/src/";2;29829;4
"2784";"Font-Awesome/src/assets/js/";4;11473;4
"2794";"Font-Awesome/src/3.2.1/";3;18356;4
"2955";"Font-Awesome/src/3.2.1/assets/";4;18356;4
"3006";"Font-Awesome/";1;86044;4
"3014";"Font-Awesome/docs/assets/js/";4;50479;4
"3019";"Font-Awesome/docs/";2;50479;4
"3033";"Font-Awesome/build/";2;5736;4
"3047";"Font-Awesome/build/assets/js/";4;4589;4
"3066";"Font-Awesome/build/assets/";3;4589;4
"3088";"Font-Awesome/src/";2;29829;4
"3102";"Font-Awesome/src/assets/js/";4;11473;4
"3112";"Font-Awesome/src/3.2.1/";3;18356;4
"3273";"Font-Awesome/src/3.2.1/assets/";4;18356;4
"3324";"Font-Awesome/";1;86044;4
"3332";"Font-Awesome/docs/assets/js/";4;50479;4
"3337";"Font-Awesome/docs/";2;50479;4
"3351";"Font-Awesome/build/";2;5736;4
"3365";"Font-Awesome/build/assets/js/";4;4589;4
"3384";"Font-Awesome/build/assets/";3;4589;4
"3406";"Font-Awesome/src/";2;29829;4
"3420";"Font-Awesome/src/assets/js/";4;11473;4
"3430";"Font-Awesome/src/3.2.1/";3;18356;4
"3591";"Font-Awesome/src/3.2.1/assets/";4;18356;4
"3642";"Font-Awesome/";1;86044;4
"3650";"Font-Awesome/docs/assets/js/";4;50479;4
"3655";"Font-Awesome/docs/";2;50479;4
"3669";"Font-Awesome/build/";2;5736;4
"3683";"Font-Awesome/build/assets/js/";4;4589;4
"3702";"Font-Awesome/build/assets/";3;4589;4
"3724";"Font-Awesome/src/";2;29829;4
"3846";"Font-Awesome/src/3.2.1/assets/";4;18356;4
"3897";"Font-Awesome/";1;86044;4
"3905";"Font-Awesome/docs/assets/js/";4;50479;4
"3910";"Font-Awesome/docs/";2;50479;4
"3924";"Font-Awesome/build/";2;5736;4
"3938";"Font-Awesome/build/assets/js/";4;4589;4
"3957";"Font-Awesome/build/assets/";3;4589;4
"3979";"Font-Awesome/src/";2;29829;4
"3993";"Font-Awesome/src/assets/js/";4;11473;4
"4003";"Font-Awesome/src/3.2.1/";3;18356;4
"4164";"Font-Awesome/src/3.2.1/assets/";4;18356;4
"4215";"Font-Awesome/";1;86044;4
"4223";"Font-Awesome/docs/assets/js/";4;50479;4
"4228";"Font-Awesome/docs/";2;50479;4
"4242";"Font-Awesome/build/";2;5736;4
"4256";"Font-Awesome/build/assets/js/";4;4589;4
"4275";"Font-Awesome/build/assets/";3;4589;4
"4297";"Font-Awesome/src/";2;29829;4
"4311";"Font-Awesome/src/assets/js/";4;11473;4
"4321";"Font-Awesome/src/3.2.1/";3;18356;4
"4482";"Font-Awesome/src/3.2.1/assets/";4;18356;4
"4533";"Font-Awesome/";1;86044;4
"4541";"Font-Awesome/docs/assets/js/";4;50479;4
"4546";"Font-Awesome/docs/";2;50479;4
"4560";"Font-Awesome/build/";2;5736;4
"4574";"Font-Awesome/build/assets/js/";4;4589;4
"4593";"Font-Awesome/build/assets/";3;4589;4
"4615";"Font-Awesome/src/";2;29829;4
"4629";"Font-Awesome/src/assets/js/";4;11473;4
"4639";"Font-Awesome/src/3.2.1/";3;18356;4
"4800";"Font-Awesome/src/3.2.1/assets/";4;18356;4
"4851";"Font-Awesome/";1;86044;4
"4859";"Font-Awesome/docs/assets/js/";4;50479;4
"4864";"Font-Awesome/docs/";2;50479;4
"4878";"Font-Awesome/build/";2;5736;4
"4892";"Font-Awesome/build/assets/js/";4;4589;4
"4911";"Font-Awesome/build/assets/";3;4589;4
"4933";"Font-Awesome/src/";2;29829;4
"4947";"Font-Awesome/src/assets/js/";4;11473;4
"4957";"Font-Awesome/src/3.2.1/";3;18356;4
"5118";"Font-Awesome/src/3.2.1/assets/";4;18356;4
"5169";"Font-Awesome/";1;86044;4
"5177";"Font-Awesome/docs/assets/js/";4;50479;4
"5182";"Font-Awesome/docs/";2;50479;4
"5196";"Font-Awesome/build/";2;5736;4
"5210";"Font-Awesome/build/assets/js/";4;4589;4
"5229";"Font-Awesome/build/assets/";3;4589;4
"5251";"Font-Awesome/src/";2;29829;4
"5265";"Font-Awesome/src/assets/js/";4;11473;4
"5275";"Font-Awesome/src/3.2.1/";3;18356;4
"5436";"Font-Awesome/src/3.2.1/assets/";4;18356;4
"5487";"Font-Awesome/";1;86044;4
"5495";"Font-Awesome/docs/assets/js/";4;50479;4
"5500";"Font-Awesome/docs/";2;50479;4
"5514";"Font-Awesome/build/";2;5736;4
"5528";"Font-Awesome/build/assets/js/";4;4589;4
"5547";"Font-Awesome/build/assets/";3;4589;4
"5569";"Font-Awesome/src/";2;29829;4
"5583";"Font-Awesome/src/assets/js/";4;11473;4
"5593";"Font-Awesome/src/3.2.1/";3;18356;4
"5754";"Font-Awesome/src/3.2.1/assets/";4;18356;4
"5805";"Font-Awesome/";1;86044;4
"5813";"Font-Awesome/docs/assets/js/";4;50479;4
"5818";"Font-Awesome/docs/";2;50479;4
"5832";"Font-Awesome/build/";2;5736;4
"5846";"Font-Awesome/build/assets/js/";4;4589;4
"5865";"Font-Awesome/build/assets/";3;4589;4
"5887";"Font-Awesome/src/";2;29829;4
"5901";"Font-Awesome/src/assets/js/";4;11473;4
"5911";"Font-Awesome/src/3.2.1/";3;18356;4
"6072";"Font-Awesome/src/3.2.1/assets/";4;18356;4
"6123";"Font-Awesome/";1;86044;4
"6131";"Font-Awesome/docs/assets/js/";4;50479;4
"6136";"Font-Awesome/docs/";2;50479;4
"6150";"Font-Awesome/build/";2;5736;4
"6164";"Font-Awesome/build/assets/js/";4;4589;4
"6183";"Font-Awesome/build/assets/";3;4589;4
"6205";"Font-Awesome/src/";2;29829;4
"6219";"Font-Awesome/src/assets/js/";4;11473;4
"6229";"Font-Awesome/src/3.2.1/";3;18356;4
"6390";"Font-Awesome/src/3.2.1/assets/";4;18356;4
"6441";"Font-Awesome/";1;86044;4
"6449";"Font-Awesome/docs/assets/js/";4;50479;4
"6454";"Font-Awesome/docs/";2;50479;4
"6468";"Font-Awesome/build/";2;5736;4
"6482";"Font-Awesome/build/assets/js/";4;4589;4
"6501";"Font-Awesome/build/assets/";3;4589;4
"6523";"Font-Awesome/src/";2;29829;4
"6537";"Font-Awesome/src/assets/js/";4;11473;4
"6547";"Font-Awesome/src/3.2.1/";3;18356;4
"6708";"Font-Awesome/src/3.2.1/assets/";4;18356;4
"6759";"Font-Awesome/";1;86044;4
"6767";"Font-Awesome/docs/assets/js/";4;50479;4
"6772";"Font-Awesome/docs/";2;50479;4
"6786";"Font-Awesome/build/";2;5736;4
"6800";"Font-Awesome/build/assets/js/";4;4589;4
"6819";"Font-Awesome/build/assets/";3;4589;4
"6841";"Font-Awesome/src/";2;29829;4
"6855";"Font-Awesome/src/assets/js/";4;11473;4
"6865";"Font-Awesome/src/3.2.1/";3;18356;4
"7026";"Font-Awesome/src/3.2.1/assets/";4;18356;4
"7077";"Font-Awesome/";1;86044;4
"7085";"Font-Awesome/docs/assets/js/";4;50479;4
"7090";"Font-Awesome/docs/";2;50479;4
"7104";"Font-Awesome/build/";2;5736;4
"7118";"Font-Awesome/build/assets/js/";4;4589;4
"7137";"Font-Awesome/build/assets/";3;4589;4
"7159";"Font-Awesome/src/";2;29829;4
"7173";"Font-Awesome/src/assets/js/";4;11473;4
"7183";"Font-Awesome/src/3.2.1/";3;18356;4
"7344";"Font-Awesome/src/3.2.1/assets/";4;18356;4
"7395";"Font-Awesome/";1;86044;4
"7403";"Font-Awesome/docs/assets/js/";4;50479;4
"7408";"Font-Awesome/docs/";2;50479;4
"7422";"Font-Awesome/build/";2;5736;4
"7436";"Font-Awesome/build/assets/js/";4;4589;4
"7455";"Font-Awesome/build/assets/";3;4589;4
"7477";"Font-Awesome/src/";2;29829;4
"7491";"Font-Awesome/src/assets/js/";4;11473;4
"7501";"Font-Awesome/src/3.2.1/";3;18356;4
"7662";"Font-Awesome/src/3.2.1/assets/";4;18356;4
"7713";"Font-Awesome/";1;86044;4
"7721";"Font-Awesome/docs/assets/js/";4;50479;4
"7726";"Font-Awesome/docs/";2;50479;4
"7740";"Font-Awesome/build/";2;5736;4
"7754";"Font-Awesome/build/assets/js/";4;4589;4
"7773";"Font-Awesome/build/assets/";3;4589;4
"7795";"Font-Awesome/src/";2;29829;4
"7809";"Font-Awesome/src/assets/js/";4;11473;4
"7819";"Font-Awesome/src/3.2.1/";3;18356;4
"7980";"Font-Awesome/src/3.2.1/assets/";4;18356;4
"8031";"Font-Awesome/";1;86044;4
"8039";"Font-Awesome/docs/assets/js/";4;50479;4
"8044";"Font-Awesome/docs/";2;50479;4
"8058";"Font-Awesome/build/";2;5736;4
"8072";"Font-Awesome/build/assets/js/";4;4589;4
"8091";"Font-Awesome/build/assets/";3;4589;4
"8113";"Font-Awesome/src/";2;29829;4
"8127";"Font-Awesome/src/assets/js/";4;11473;4
"8137";"Font-Awesome/src/3.2.1/";3;18356;4
"8298";"Font-Awesome/src/3.2.1/assets/";4;18356;4
"8349";"Font-Awesome/";1;86044;4
"8357";"Font-Awesome/docs/assets/js/";4;50479;4
"8362";"Font-Awesome/docs/";2;50479;4
"8376";"Font-Awesome/build/";2;5736;4
"8390";"Font-Awesome/build/assets/js/";4;4589;4
"8409";"Font-Awesome/build/assets/";3;4589;4
"8431";"Font-Awesome/src/";2;29829;4
"8445";"Font-Awesome/src/assets/js/";4;11473;4
"8455";"Font-Awesome/src/3.2.1/";3;18356;4
"8616";"Font-Awesome/src/3.2.1/assets/";4;18356;4
"8667";"Font-Awesome/";1;86044;4
"8675";"Font-Awesome/docs/assets/js/";4;50479;4
"8680";"Font-Awesome/docs/";2;50479;4
"8694";"Font-Awesome/build/";2;5736;4
"8708";"Font-Awesome/build/assets/js/";4;4589;4
"8727";"Font-Awesome/build/assets/";3;4589;4
"8749";"Font-Awesome/src/";2;29829;4
"8763";"Font-Awesome/src/assets/js/";4;11473;4
"8773";"Font-Awesome/src/3.2.1/";3;18356;4
"8934";"Font-Awesome/src/3.2.1/assets/";4;18356;4
"8985";"Font-Awesome/";1;86044;4
"8993";"Font-Awesome/docs/assets/js/";4;50479;4
"8998";"Font-Awesome/docs/";2;50479;4
"9012";"Font-Awesome/build/";2;5736;4
"9026";"Font-Awesome/build/assets/js/";4;4589;4
"9045";"Font-Awesome/build/assets/";3;4589;4
"9067";"Font-Awesome/src/";2;29829;4
"9081";"Font-Awesome/src/assets/js/";4;11473;4
"9091";"Font-Awesome/src/3.2.1/";3;18356;4
"9252";"Font-Awesome/src/3.2.1/assets/";4;18356;4
"9303";"Font-Awesome/";1;86044;4
"9311";"Font-Awesome/docs/assets/js/";4;50479;4
"9319";"Font-Awesome/src/assets/js/";4;11473;4
"9329";"Font-Awesome/src/3.2.1/";3;18356;4
"9490";"Font-Awesome/src/3.2.1/assets/";4;18356;4
"9541";"Font-Awesome/";1;86044;4
"9549";"Font-Awesome/docs/assets/js/";4;50479;4
"9554";"Font-Awesome/docs/";2;50479;4
"9568";"Font-Awesome/build/";2;5736;4
"9582";"Font-Awesome/build/assets/js/";4;4589;4
"9601";"Font-Awesome/build/assets/";3;4589;4
"9623";"Font-Awesome/src/";2;29829;4
"9637";"Font-Awesome/src/assets/js/";4;11473;4
"9647";"Font-Awesome/src/3.2.1/";3;18356;4
"9808";"Font-Awesome/src/3.2.1/assets/";4;18356;4
"9859";"Font-Awesome/";1;86044;4
"9867";"Font-Awesome/docs/assets/js/";4;50479;4
"9872";"Font-Awesome/docs/";2;50479;4
"9886";"Font-Awesome/build/";2;5736;4
"9900";"Font-Awesome/build/assets/js/";4;4589;4
"9919";"Font-Awesome/build/assets/";3;4589;4
"9941";"Font-Awesome/src/";2;29829;4
"9955";"Font-Awesome/src/assets/js/";4;11473;4
"9965";"Font-Awesome/src/3.2.1/";3;18356;4
"10126";"Font-Awesome/src/3.2.1/assets/";4;18356;4
"10177";"Font-Awesome/";1;86044;4
"10185";"Font-Awesome/docs/assets/js/";4;50479;4
"10190";"Font-Awesome/docs/";2;50479;4
"10204";"Font-Awesome/build/";2;5736;4
"10218";"Font-Awesome/build/assets/js/";4;4589;4
"10237";"Font-Awesome/build/assets/";3;4589;4
"10259";"Font-Awesome/src/";2;29829;4
"10273";"Font-Awesome/src/assets/js/";4;11473;4
"10283";"Font-Awesome/src/3.2.1/";3;18356;4
"10444";"Font-Awesome/src/3.2.1/assets/";4;18356;4
"10495";"Font-Awesome/";1;86044;4
"10503";"Font-Awesome/docs/assets/js/";4;50479;4
"10508";"Font-Awesome/docs/";2;50479;4
"10522";"Font-Awesome/build/";2;5736;4
"10536";"Font-Awesome/build/assets/js/";4;4589;4
"10555";"Font-Awesome/build/assets/";3;4589;4
"10577";"Font-Awesome/src/";2;29829;4
"10591";"Font-Awesome/src/assets/js/";4;11473;4
"10601";"Font-Awesome/src/3.2.1/";3;18356;4
"10762";"Font-Awesome/src/3.2.1/assets/";4;18356;4
"10813";"Font-Awesome/";1;86044;4
"10821";"Font-Awesome/docs/assets/js/";4;50479;4
"10826";"Font-Awesome/docs/";2;50479;4
"10840";"Font-Awesome/build/";2;5736;4
"10854";"Font-Awesome/build/assets/js/";4;4589;4
"10873";"Font-Awesome/build/assets/";3;4589;4
"10895";"Font-Awesome/src/";2;29829;4
"10909";"Font-Awesome/src/assets/js/";4;11473;4
"10919";"Font-Awesome/src/3.2.1/";3;18356;4
"11080";"Font-Awesome/src/3.2.1/assets/";4;18356;4
"11131";"Font-Awesome/";1;86044;4
"11139";"Font-Awesome/docs/assets/js/";4;50479;4
"11144";"Font-Awesome/docs/";2;50479;4
"11158";"Font-Awesome/build/";2;5736;4
"11172";"Font-Awesome/build/assets/js/";4;4589;4
"11191";"Font-Awesome/build/assets/";3;4589;4
"11213";"Font-Awesome/src/";2;29829;4
"11227";"Font-Awesome/src/assets/js/";4;11473;4
"11237";"Font-Awesome/src/3.2.1/";3;18356;4
"11398";"Font-Awesome/src/3.2.1/assets/";4;18356;4
"11449";"Font-Awesome/";1;86044;4
"11457";"Font-Awesome/docs/assets/js/";4;50479;4
"11462";"Font-Awesome/docs/";2;50479;4
"11476";"Font-Awesome/build/";2;5736;4
"11490";"Font-Awesome/build/assets/js/";4;4589;4
"11509";"Font-Awesome/build/assets/";3;4589;4
"11531";"Font-Awesome/src/";2;29829;4
"11545";"Font-Awesome/src/assets/js/";4;11473;4
"11555";"Font-Awesome/src/3.2.1/";3;18356;4
"11716";"Font-Awesome/src/3.2.1/assets/";4;18356;4
"11767";"Font-Awesome/";1;86044;4
"11775";"Font-Awesome/docs/assets/js/";4;50479;4
"11780";"Font-Awesome/docs/";2;50479;4
"11794";"Font-Awesome/build/";2;5736;4
"11808";"Font-Awesome/build/assets/js/";4;4589;4
"11827";"Font-Awesome/build/assets/";3;4589;4
"11849";"Font-Awesome/src/";2;29829;4
"11863";"Font-Awesome/src/assets/js/";4;11473;4
"11873";"Font-Awesome/src/3.2.1/";3;18356;4
"12034";"Font-Awesome/src/3.2.1/assets/";4;18356;4
"12085";"Font-Awesome/";1;86044;4
"12093";"Font-Awesome/docs/assets/js/";4;50479;4
"12098";"Font-Awesome/docs/";2;50479;4
"12112";"Font-Awesome/build/";2;5736;4
"12126";"Font-Awesome/build/assets/js/";4;4589;4
"12145";"Font-Awesome/build/assets/";3;4589;4
"12167";"Font-Awesome/src/";2;29829;4
"12181";"Font-Awesome/src/assets/js/";4;11473;4
"12191";"Font-Awesome/src/3.2.1/";3;18356;4
"12352";"Font-Awesome/src/3.2.1/assets/";4;18356;4
"12403";"Font-Awesome/";1;86044;4
"12411";"Font-Awesome/docs/assets/js/";4;50479;4
"12416";"Font-Awesome/docs/";2;50479;4
"12430";"Font-Awesome/build/";2;5736;4
"12444";"Font-Awesome/build/assets/js/";4;4589;4
"12463";"Font-Awesome/build/assets/";3;4589;4
"12485";"Font-Awesome/src/";2;29829;4
"12499";"Font-Awesome/src/assets/js/";4;11473;4
"12509";"Font-Awesome/src/3.2.1/";3;18356;4
"12670";"Font-Awesome/src/3.2.1/assets/";4;18356;4
"12721";"Font-Awesome/";1;86044;4
"12729";"Font-Awesome/docs/assets/js/";4;50479;4
"12734";"Font-Awesome/docs/";2;50479;4
"12748";"Font-Awesome/build/";2;5736;4
"12762";"Font-Awesome/build/assets/js/";4;4589;4
"12781";"Font-Awesome/build/assets/";3;4589;4
"12803";"Font-Awesome/src/";2;29829;4
"12817";"Font-Awesome/src/assets/js/";4;11473;4
"12827";"Font-Awesome/src/3.2.1/";3;18356;4
"12988";"Font-Awesome/src/3.2.1/assets/";4;18356;4
"13039";"Font-Awesome/";1;86044;4
"13047";"Font-Awesome/docs/assets/js/";4;50479;4
"13052";"Font-Awesome/docs/";2;50479;4
"13066";"Font-Awesome/build/";2;5736;4
"13080";"Font-Awesome/build/assets/js/";4;4589;4
"13099";"Font-Awesome/build/assets/";3;4589;4
"13121";"Font-Awesome/src/";2;29829;4
"13135";"Font-Awesome/src/assets/js/";4;11473;4
"13145";"Font-Awesome/src/3.2.1/";3;18356;4
"13306";"Font-Awesome/src/3.2.1/assets/";4;18356;4
"13357";"Font-Awesome/";1;86044;4
"13365";"Font-Awesome/docs/assets/js/";4;50479;4
"13370";"Font-Awesome/docs/";2;50479;4
"13384";"Font-Awesome/build/";2;5736;4
"13398";"Font-Awesome/build/assets/js/";4;4589;4
"13417";"Font-Awesome/build/assets/";3;4589;4
"13439";"Font-Awesome/src/";2;29829;4
"13453";"Font-Awesome/src/assets/js/";4;11473;4
"13463";"Font-Awesome/src/3.2.1/";3;18356;4
"13624";"Font-Awesome/src/3.2.1/assets/";4;18356;4
"13675";"Font-Awesome/";1;86044;4
"13683";"Font-Awesome/docs/assets/js/";4;50479;4
"13688";"Font-Awesome/docs/";2;50479;4
"13702";"Font-Awesome/build/";2;5736;4
"13716";"Font-Awesome/build/assets/js/";4;4589;4
"13735";"Font-Awesome/build/assets/";3;4589;4
"13757";"Font-Awesome/src/";2;29829;4
"13771";"Font-Awesome/src/assets/js/";4;11473;4
"13781";"Font-Awesome/src/3.2.1/";3;18356;4
"13942";"Font-Awesome/src/3.2.1/assets/";4;18356;4
"13993";"Font-Awesome/";1;86044;4
"14001";"Font-Awesome/docs/assets/js/";4;50479;4
"14006";"Font-Awesome/docs/";2;50479;4
"14020";"Font-Awesome/build/";2;5736;4
"14034";"Font-Awesome/build/assets/js/";4;4589;4
"14053";"Font-Awesome/build/assets/";3;4589;4
"14075";"Font-Awesome/src/";2;29829;4
"14089";"Font-Awesome/src/assets/js/";4;11473;4
"14099";"Font-Awesome/src/3.2.1/";3;18356;4
"14260";"Font-Awesome/src/3.2.1/assets/";4;18356;4
"14311";"Font-Awesome/";1;86044;4
"14319";"Font-Awesome/docs/assets/js/";4;50479;4
"14324";"Font-Awesome/docs/";2;50479;4
"14338";"Font-Awesome/build/";2;5736;4
"14352";"Font-Awesome/build/assets/js/";4;4589;4
"14371";"Font-Awesome/build/assets/";3;4589;4
"14393";"Font-Awesome/src/";2;29829;4
"14407";"Font-Awesome/src/assets/js/";4;11473;4
"14417";"Font-Awesome/src/3.2.1/";3;18356;4
"14578";"Font-Awesome/src/3.2.1/assets/";4;18356;4
"14629";"Font-Awesome/";1;86044;4
"14637";"Font-Awesome/docs/assets/js/";4;50479;4
"14642";"Font-Awesome/docs/";2;50479;4
"14656";"Font-Awesome/build/";2;5736;4
"14670";"Font-Awesome/build/assets/js/";4;4589;4
"14689";"Font-Awesome/build/assets/";3;4589;4
"14711";"Font-Awesome/src/";2;29829;4
"14725";"Font-Awesome/src/assets/js/";4;11473;4
"14735";"Font-Awesome/src/3.2.1/";3;18356;4
"14896";"Font-Awesome/src/3.2.1/assets/";4;18356;4
"14947";"Font-Awesome/";1;86044;4
"14955";"Font-Awesome/docs/assets/js/";4;50479;4
"14960";"Font-Awesome/docs/";2;50479;4
"14974";"Font-Awesome/build/";2;5736;4
"14988";"Font-Awesome/build/assets/js/";4;4589;4
"15007";"Font-Awesome/build/assets/";3;4589;4
"15029";"Font-Awesome/src/";2;29829;4
"15043";"Font-Awesome/src/assets/js/";4;11473;4
"15053";"Font-Awesome/src/3.2.1/";3;18356;4
"15214";"Font-Awesome/src/3.2.1/assets/";4;18356;4
"15265";"Font-Awesome/";1;86044;4
"15273";"Font-Awesome/docs/assets/js/";4;50479;4
"15278";"Font-Awesome/docs/";2;50479;4
"15292";"Font-Awesome/build/";2;5736;4
"15306";"Font-Awesome/build/assets/js/";4;4589;4
"15325";"Font-Awesome/build/assets/";3;4589;4
"15347";"Font-Awesome/src/";2;29829;4
"15361";"Font-Awesome/src/assets/js/";4;11473;4
"15371";"Font-Awesome/src/3.2.1/";3;18356;4
"15532";"Font-Awesome/src/3.2.1/assets/";4;18356;4
"15583";"Font-Awesome/";1;86044;4
"15591";"Font-Awesome/docs/assets/js/";4;50479;4
"15596";"Font-Awesome/docs/";2;50479;4
"15610";"Font-Awesome/build/";2;5736;4
"15624";"Font-Awesome/build/assets/js/";4;4589;4
"15643";"Font-Awesome/build/assets/";3;4589;4
"15665";"Font-Awesome/src/";2;29829;4
"15679";"Font-Awesome/src/assets/js/";4;11473;4
"15689";"Font-Awesome/src/3.2.1/";3;18356;4
"15850";"Font-Awesome/src/3.2.1/assets/";4;18356;4
"15901";"Font-Awesome/";1;86044;4
"15909";"Font-Awesome/docs/assets/js/";4;50479;4
"15914";"Font-Awesome/docs/";2;50479;4
"15928";"Font-Awesome/build/";2;5736;4
"15942";"Font-Awesome/build/assets/js/";4;4589;4
"15961";"Font-Awesome/build/assets/";3;4589;4
"15983";"Font-Awesome/src/";2;29829;4
"15997";"Font-Awesome/src/assets/js/";4;11473;4
"16007";"Font-Awesome/src/3.2.1/";3;18356;4
"16168";"Font-Awesome/src/3.2.1/assets/";4;18356;4
"16219";"Font-Awesome/";1;86044;4
"16227";"Font-Awesome/docs/assets/js/";4;50479;4
"16232";"Font-Awesome/docs/";2;50479;4
"16246";"Font-Awesome/build/";2;5736;4
"16260";"Font-Awesome/build/assets/js/";4;4589;4
"16279";"Font-Awesome/build/assets/";3;4589;4
"16301";"Font-Awesome/src/";2;29829;4
"16315";"Font-Awesome/src/assets/js/";4;11473;4
"16325";"Font-Awesome/src/3.2.1/";3;18356;4
"16486";"Font-Awesome/src/3.2.1/assets/";4;18356;4
"16537";"Font-Awesome/";1;86044;4
"16545";"Font-Awesome/docs/assets/js/";4;50479;4
"16550";"Font-Awesome/docs/";2;50479;4
"16564";"Font-Awesome/build/";2;5736;4
"16578";"Font-Awesome/build/assets/js/";4;4589;4
"16597";"Font-Awesome/build/assets/";3;4589;4
"16619";"Font-Awesome/src/";2;29829;4
"16633";"Font-Awesome/src/assets/js/";4;11473;4
"16643";"Font-Awesome/src/3.2.1/";3;18356;4
"16804";"Font-Awesome/src/3.2.1/assets/";4;18356;4
"16855";"Font-Awesome/";1;86044;4
"16863";"Font-Awesome/docs/assets/js/";4;50479;4
"16868";"Font-Awesome/docs/";2;50479;4
"16882";"Font-Awesome/build/";2;5736;4
"16896";"Font-Awesome/build/assets/js/";4;4589;4
"16915";"Font-Awesome/build/assets/";3;4589;4
"16937";"Font-Awesome/src/";2;29829;4
"16951";"Font-Awesome/src/assets/js/";4;11473;4
"16961";"Font-Awesome/src/3.2.1/";3;18356;4
"17122";"Font-Awesome/src/3.2.1/assets/";4;18356;4
"17173";"Font-Awesome/";1;86044;4
"17181";"Font-Awesome/docs/assets/js/";4;50479;4
"17186";"Font-Awesome/docs/";2;50479;4
"17200";"Font-Awesome/build/";2;5736;4
"17214";"Font-Awesome/build/assets/js/";4;4589;4
"17233";"Font-Awesome/build/assets/";3;4589;4
"17255";"Font-Awesome/src/";2;29829;4
"17269";"Font-Awesome/src/assets/js/";4;11473;4
"17279";"Font-Awesome/src/3.2.1/";3;18356;4
"17440";"Font-Awesome/src/3.2.1/assets/";4;18356;4
"17491";"Font-Awesome/";1;86044;4
"17499";"Font-Awesome/docs/assets/js/";4;50479;4
"17504";"Font-Awesome/docs/";2;50479;4
"17518";"Font-Awesome/build/";2;5736;4
"17532";"Font-Awesome/build/assets/js/";4;4589;4
"17551";"Font-Awesome/build/assets/";3;4589;4
"17573";"Font-Awesome/src/";2;29829;4
"17587";"Font-Awesome/src/assets/js/";4;11473;4
"17597";"Font-Awesome/src/3.2.1/";3;18356;4
"17758";"Font-Awesome/src/3.2.1/assets/";4;18356;4
"17809";"Font-Awesome/";1;86044;4
"17817";"Font-Awesome/docs/assets/js/";4;50479;4
"17822";"Font-Awesome/docs/";2;50479;4
"17836";"Font-Awesome/build/";2;5736;4
"17850";"Font-Awesome/build/assets/js/";4;4589;4
"17869";"Font-Awesome/build/assets/";3;4589;4
"17891";"Font-Awesome/src/";2;29829;4
"17905";"Font-Awesome/src/assets/js/";4;11473;4
"17915";"Font-Awesome/src/3.2.1/";3;18356;4
"18076";"Font-Awesome/src/3.2.1/assets/";4;18356;4
"18127";"Font-Awesome/";1;86044;4
"18135";"Font-Awesome/docs/assets/js/";4;50479;4
"18140";"Font-Awesome/docs/";2;50479;4
"18154";"Font-Awesome/build/";2;5736;4
"18168";"Font-Awesome/build/assets/js/";4;4589;4
"18187";"Font-Awesome/build/assets/";3;4589;4
"18209";"Font-Awesome/src/";2;29829;4
"18223";"Font-Awesome/src/assets/js/";4;11473;4
"18233";"Font-Awesome/src/3.2.1/";3;18356;4
"18394";"Font-Awesome/src/3.2.1/assets/";4;18356;4
"18445";"Font-Awesome/";1;86044;4
"18453";"Font-Awesome/docs/assets/js/";4;50479;4
"18458";"Font-Awesome/docs/";2;50479;4
"18472";"Font-Awesome/build/";2;5736;4
"18486";"Font-Awesome/build/assets/js/";4;4589;4
"18505";"Font-Awesome/build/assets/";3;4589;4
"18527";"Font-Awesome/src/";2;29829;4
"18541";"Font-Awesome/src/assets/js/";4;11473;4
"18551";"Font-Awesome/src/3.2.1/";3;18356;4
"18712";"Font-Awesome/src/3.2.1/assets/";4;18356;4
"18763";"Font-Awesome/";1;86044;4
"18771";"Font-Awesome/docs/assets/js/";4;50479;4
"18776";"Font-Awesome/docs/";2;50479;4
"18790";"Font-Awesome/build/";2;5736;4
"18804";"Font-Awesome/build/assets/js/";4;4589;4
"18823";"Font-Awesome/build/assets/";3;4589;4
"18845";"Font-Awesome/src/";2;29829;4
"18859";"Font-Awesome/src/assets/js/";4;11473;4
"18869";"Font-Awesome/src/3.2.1/";3;18356;4
"19030";"Font-Awesome/src/3.2.1/assets/";4;18356;4
"19081";"Font-Awesome/";1;86044;4
"19089";"Font-Awesome/docs/assets/js/";4;50479;4
"19094";"Font-Awesome/docs/";2;50479;4
"19108";"Font-Awesome/build/";2;5736;4
"19122";"Font-Awesome/build/assets/js/";4;4589;4
"19141";"Font-Awesome/build/assets/";3;4589;4
"19163";"Font-Awesome/src/";2;29829;4
"19177";"Font-Awesome/src/assets/js/";4;11473;4
"19187";"Font-Awesome/src/3.2.1/";3;18356;4
"19348";"Font-Awesome/src/3.2.1/assets/";4;18356;4
"19399";"Font-Awesome/";1;86044;4
"19407";"Font-Awesome/docs/assets/js/";4;50479;4
"19412";"Font-Awesome/docs/";2;50479;4
"19426";"Font-Awesome/build/";2;5736;4
"19440";"Font-Awesome/build/assets/js/";4;4589;4
"19459";"Font-Awesome/build/assets/";3;4589;4
"19481";"Font-Awesome/src/";2;29829;4
"19495";"Font-Awesome/src/assets/js/";4;11473;4
"19505";"Font-Awesome/src/3.2.1/";3;18356;4
"19666";"Font-Awesome/src/3.2.1/assets/";4;18356;4
"19717";"Font-Awesome/";1;86044;4
"19725";"Font-Awesome/docs/assets/js/";4;50479;4
"19730";"Font-Awesome/docs/";2;50479;4
"19744";"Font-Awesome/build/";2;5736;4
"19758";"Font-Awesome/build/assets/js/";4;4589;4
"19777";"Font-Awesome/build/assets/";3;4589;4
"19799";"Font-Awesome/src/";2;29829;4
"19813";"Font-Awesome/src/assets/js/";4;11473;4
"19823";"Font-Awesome/src/3.2.1/";3;18356;4
"19984";"Font-Awesome/src/3.2.1/assets/";4;18356;4
"20035";"Font-Awesome/";1;86044;4
"20043";"Font-Awesome/docs/assets/js/";4;50479;4
"20048";"Font-Awesome/docs/";2;50479;4
"20062";"Font-Awesome/build/";2;5736;4
"20076";"Font-Awesome/build/assets/js/";4;4589;4
"20095";"Font-Awesome/build/assets/";3;4589;4
"20117";"Font-Awesome/src/";2;29828;4
"20131";"Font-Awesome/src/assets/js/";4;11472;4
"20141";"Font-Awesome/src/3.2.1/";3;18356;4
"20302";"Font-Awesome/src/3.2.1/assets/";4;18356;4
"20353";"Font-Awesome/";1;86044;4
"20361";"Font-Awesome/docs/assets/js/";4;50479;4
"20366";"Font-Awesome/docs/";2;50479;4
"20380";"Font-Awesome/build/";2;5736;4
"20394";"Font-Awesome/build/assets/js/";4;4589;4
"20413";"Font-Awesome/build/assets/";3;4589;4
"20435";"Font-Awesome/src/";2;29828;4
"20449";"Font-Awesome/src/assets/js/";4;11472;4
"20459";"Font-Awesome/src/3.2.1/";3;18356;4
"20620";"Font-Awesome/src/3.2.1/assets/";4;18356;4
"20671";"Font-Awesome/";1;86044;4
"20679";"Font-Awesome/docs/assets/js/";4;50479;4
"20684";"Font-Awesome/docs/";2;50479;4
"20698";"Font-Awesome/build/";2;5736;4
"20712";"Font-Awesome/build/assets/js/";4;4589;4
"20731";"Font-Awesome/build/assets/";3;4589;4
"20753";"Font-Awesome/src/";2;29828;4
"20767";"Font-Awesome/src/assets/js/";4;11472;4
"20777";"Font-Awesome/src/3.2.1/";3;18356;4
"20938";"Font-Awesome/src/3.2.1/assets/";4;18356;4
"20989";"Font-Awesome/";1;86044;4
"20997";"Font-Awesome/docs/assets/js/";4;50479;4
"21002";"Font-Awesome/docs/";2;50479;4
"21016";"Font-Awesome/build/";2;5736;4
"21030";"Font-Awesome/build/assets/js/";4;4589;4
"21049";"Font-Awesome/build/assets/";3;4589;4
"21071";"Font-Awesome/src/";2;29828;4
"21085";"Font-Awesome/src/assets/js/";4;11472;4
"21095";"Font-Awesome/src/3.2.1/";3;18356;4
"21256";"Font-Awesome/src/3.2.1/assets/";4;18356;4
"21307";"Font-Awesome/";1;86044;4
"21315";"Font-Awesome/docs/assets/js/";4;50479;4
"21320";"Font-Awesome/docs/";2;50479;4
"21334";"Font-Awesome/build/";2;5736;4
"21348";"Font-Awesome/build/assets/js/";4;4589;4
"21367";"Font-Awesome/build/assets/";3;4589;4
"21389";"Font-Awesome/src/";2;29828;4
"21403";"Font-Awesome/src/assets/js/";4;11472;4
"21413";"Font-Awesome/src/3.2.1/";3;18356;4
"21574";"Font-Awesome/src/3.2.1/assets/";4;18356;4
"21625";"Font-Awesome/";1;86044;4
"21633";"Font-Awesome/docs/assets/js/";4;50479;4
"21638";"Font-Awesome/docs/";2;50479;4
"21652";"Font-Awesome/build/";2;5736;4
"21666";"Font-Awesome/build/assets/js/";4;4589;4
"21685";"Font-Awesome/build/assets/";3;4589;4
"21707";"Font-Awesome/src/";2;29828;4
"21721";"Font-Awesome/src/assets/js/";4;11472;4
"21731";"Font-Awesome/src/3.2.1/";3;18356;4
"21892";"Font-Awesome/src/3.2.1/assets/";4;18356;4
"21943";"Font-Awesome/";1;86044;4
"21951";"Font-Awesome/docs/assets/js/";4;50479;4
"21956";"Font-Awesome/docs/";2;50479;4
"21970";"Font-Awesome/build/";2;5736;4
"21984";"Font-Awesome/build/assets/js/";4;4589;4
"22003";"Font-Awesome/build/assets/";3;4589;4
"22025";"Font-Awesome/src/";2;29828;4
"22039";"Font-Awesome/src/assets/js/";4;11472;4
"22049";"Font-Awesome/src/3.2.1/";3;18356;4
"22210";"Font-Awesome/src/3.2.1/assets/";4;18356;4
"22261";"Font-Awesome/";1;86044;4
"22269";"Font-Awesome/docs/assets/js/";4;50479;4
"22274";"Font-Awesome/docs/";2;50479;4
"22288";"Font-Awesome/build/";2;5736;4
"22302";"Font-Awesome/build/assets/js/";4;4589;4
"22321";"Font-Awesome/build/assets/";3;4589;4
"22343";"Font-Awesome/src/";2;29828;4
"22357";"Font-Awesome/src/assets/js/";4;11472;4
"22367";"Font-Awesome/src/3.2.1/";3;18356;4
"22528";"Font-Awesome/src/3.2.1/assets/";4;18356;4
"22579";"Font-Awesome/";1;86044;4
"22587";"Font-Awesome/docs/assets/js/";4;50479;4
"22592";"Font-Awesome/docs/";2;50479;4
"22606";"Font-Awesome/build/";2;5736;4
"22620";"Font-Awesome/build/assets/js/";4;4589;4
"22639";"Font-Awesome/build/assets/";3;4589;4
"22661";"Font-Awesome/src/";2;29828;4
"22675";"Font-Awesome/src/assets/js/";4;11472;4
"22685";"Font-Awesome/src/3.2.1/";3;18356;4
"22846";"Font-Awesome/src/3.2.1/assets/";4;18356;4
"22897";"Font-Awesome/";1;86044;4
"22905";"Font-Awesome/docs/assets/js/";4;50479;4
"22910";"Font-Awesome/docs/";2;50479;4
"22924";"Font-Awesome/build/";2;5736;4
"22938";"Font-Awesome/build/assets/js/";4;4589;4
"22957";"Font-Awesome/build/assets/";3;4589;4
"22979";"Font-Awesome/src/";2;29828;4
"22993";"Font-Awesome/src/assets/js/";4;11472;4
"23003";"Font-Awesome/src/3.2.1/";3;18356;4
"23164";"Font-Awesome/src/3.2.1/assets/";4;18356;4
"23215";"Font-Awesome/";1;88339;4
"23223";"Font-Awesome/docs/assets/js/";4;50479;4
"23228";"Font-Awesome/docs/";2;50479;4
"23242";"Font-Awesome/build/";2;5736;4
"23256";"Font-Awesome/build/assets/js/";4;4589;4
"23275";"Font-Awesome/build/assets/";3;4589;4
"23297";"Font-Awesome/src/";2;32123;4
"23311";"Font-Awesome/src/assets/js/";4;13767;4
"23321";"Font-Awesome/src/3.2.1/";3;18356;4
"23482";"Font-Awesome/src/3.2.1/assets/";4;18356;4
"23533";"Font-Awesome/";1;88339;4
"23541";"Font-Awesome/docs/assets/js/";4;50479;4
"23546";"Font-Awesome/docs/";2;50479;4
"23560";"Font-Awesome/build/";2;5736;4
"23574";"Font-Awesome/build/assets/js/";4;4589;4
"23593";"Font-Awesome/build/assets/";3;4589;4
"23615";"Font-Awesome/src/";2;32123;4
"23629";"Font-Awesome/src/assets/js/";4;13767;4
"23639";"Font-Awesome/src/3.2.1/";3;18356;4
"23800";"Font-Awesome/src/3.2.1/assets/";4;18356;4
"23851";"Font-Awesome/";1;88339;4
"23859";"Font-Awesome/docs/assets/js/";4;50479;4
"23864";"Font-Awesome/docs/";2;50479;4
"23878";"Font-Awesome/build/";2;5736;4
"23892";"Font-Awesome/build/assets/js/";4;4589;4
"23911";"Font-Awesome/build/assets/";3;4589;4
"23933";"Font-Awesome/src/";2;32123;4
"23947";"Font-Awesome/src/assets/js/";4;13767;4
"23957";"Font-Awesome/src/3.2.1/";3;18356;4
"24118";"Font-Awesome/src/3.2.1/assets/";4;18356;4
"24169";"Font-Awesome/";1;88339;4
"24177";"Font-Awesome/docs/assets/js/";4;50479;4
"24182";"Font-Awesome/docs/";2;50479;4
"24196";"Font-Awesome/build/";2;5736;4
"24210";"Font-Awesome/build/assets/js/";4;4589;4
"24229";"Font-Awesome/build/assets/";3;4589;4
"24251";"Font-Awesome/src/";2;32123;4
"24265";"Font-Awesome/src/assets/js/";4;13767;4
"24275";"Font-Awesome/src/3.2.1/";3;18356;4
"24436";"Font-Awesome/src/3.2.1/assets/";4;18356;4
"24487";"Font-Awesome/";1;88339;4
"24495";"Font-Awesome/docs/assets/js/";4;50479;4
"24500";"Font-Awesome/docs/";2;50479;4
"24514";"Font-Awesome/build/";2;5736;4
"24528";"Font-Awesome/build/assets/js/";4;4589;4
"24547";"Font-Awesome/build/assets/";3;4589;4
"24569";"Font-Awesome/src/";2;32123;4
"24583";"Font-Awesome/src/assets/js/";4;13767;4
"24593";"Font-Awesome/src/3.2.1/";3;18356;4
"24754";"Font-Awesome/src/3.2.1/assets/";4;18356;4
"24805";"Font-Awesome/";1;88339;4
"24813";"Font-Awesome/docs/assets/js/";4;50479;4
"24818";"Font-Awesome/docs/";2;50479;4
"24832";"Font-Awesome/build/";2;5736;4
"24846";"Font-Awesome/build/assets/js/";4;4589;4
"24865";"Font-Awesome/build/assets/";3;4589;4
"24887";"Font-Awesome/src/";2;32123;4
"24901";"Font-Awesome/src/assets/js/";4;13767;4
"24911";"Font-Awesome/src/3.2.1/";3;18356;4
"25072";"Font-Awesome/src/3.2.1/assets/";4;18356;4
"25123";"Font-Awesome/";1;88339;4
"25131";"Font-Awesome/docs/assets/js/";4;50479;4
"25136";"Font-Awesome/docs/";2;50479;4
"25150";"Font-Awesome/build/";2;5736;4
"25164";"Font-Awesome/build/assets/js/";4;4589;4
"25183";"Font-Awesome/build/assets/";3;4589;4
"25205";"Font-Awesome/src/";2;32123;4
"25219";"Font-Awesome/src/assets/js/";4;13767;4
"25229";"Font-Awesome/src/3.2.1/";3;18356;4
"25390";"Font-Awesome/src/3.2.1/assets/";4;18356;4
"25441";"Font-Awesome/";1;88339;4
"25449";"Font-Awesome/docs/assets/js/";4;50479;4
"25454";"Font-Awesome/docs/";2;50479;4
"25468";"Font-Awesome/build/";2;5736;4
"25482";"Font-Awesome/build/assets/js/";4;4589;4
"25501";"Font-Awesome/build/assets/";3;4589;4
"25523";"Font-Awesome/src/";2;32123;4
"25537";"Font-Awesome/src/assets/js/";4;13767;4
"25547";"Font-Awesome/src/3.2.1/";3;18356;4
"25708";"Font-Awesome/src/3.2.1/assets/";4;18356;4
"25759";"Font-Awesome/";1;88339;4
"25767";"Font-Awesome/docs/assets/js/";4;50479;4
"25772";"Font-Awesome/docs/";2;50479;4
"25786";"Font-Awesome/build/";2;5736;4
"25800";"Font-Awesome/build/assets/js/";4;4589;4
"25819";"Font-Awesome/build/assets/";3;4589;4
"25841";"Font-Awesome/src/";2;32123;4
"25855";"Font-Awesome/src/assets/js/";4;13767;4
"25865";"Font-Awesome/src/3.2.1/";3;18356;4
"26026";"Font-Awesome/src/3.2.1/assets/";4;18356;4
"26077";"Font-Awesome/";1;88339;4
"26085";"Font-Awesome/docs/assets/js/";4;50479;4
"26090";"Font-Awesome/docs/";2;50479;4
"26104";"Font-Awesome/build/";2;5736;4
"26118";"Font-Awesome/build/assets/js/";4;4589;4
"26137";"Font-Awesome/build/assets/";3;4589;4
"26159";"Font-Awesome/src/";2;32123;4
"26173";"Font-Awesome/src/assets/js/";4;13767;4
"26183";"Font-Awesome/src/3.2.1/";3;18356;4
"26344";"Font-Awesome/src/3.2.1/assets/";4;18356;4
"26395";"Font-Awesome/";1;88338;4
"26403";"Font-Awesome/docs/assets/js/";4;50479;4
"26408";"Font-Awesome/docs/";2;50479;4
"26422";"Font-Awesome/build/";2;5736;4
"26436";"Font-Awesome/build/assets/js/";4;4589;4
"26455";"Font-Awesome/build/assets/";3;4589;4
"26477";"Font-Awesome/src/";2;32123;4
"26491";"Font-Awesome/src/assets/js/";4;13767;4
"26501";"Font-Awesome/src/3.2.1/";3;18356;4
"26662";"Font-Awesome/src/3.2.1/assets/";4;18356;4
"26713";"Font-Awesome/";1;88338;4
"26721";"Font-Awesome/docs/assets/js/";4;50479;4
"26726";"Font-Awesome/docs/";2;50479;4
"26740";"Font-Awesome/build/";2;5736;4
"26754";"Font-Awesome/build/assets/js/";4;4589;4
"26773";"Font-Awesome/build/assets/";3;4589;4
"26795";"Font-Awesome/src/";2;32123;4
"26809";"Font-Awesome/src/assets/js/";4;13767;4
"26819";"Font-Awesome/src/3.2.1/";3;18356;4
"26980";"Font-Awesome/src/3.2.1/assets/";4;18356;4
"27031";"Font-Awesome/";1;88338;4
"27039";"Font-Awesome/docs/assets/js/";4;50479;4
"27044";"Font-Awesome/docs/";2;50479;4
"27058";"Font-Awesome/build/";2;5736;4
"27072";"Font-Awesome/build/assets/js/";4;4589;4
"27091";"Font-Awesome/build/assets/";3;4589;4
"27113";"Font-Awesome/src/";2;32123;4
"27127";"Font-Awesome/src/assets/js/";4;13767;4
"27137";"Font-Awesome/src/3.2.1/";3;18356;4
"27298";"Font-Awesome/src/3.2.1/assets/";4;18356;4
"27349";"Font-Awesome/";1;88339;4
"27357";"Font-Awesome/docs/assets/js/";4;50479;4
"27362";"Font-Awesome/docs/";2;50479;4
"27376";"Font-Awesome/build/";2;5737;4
"27390";"Font-Awesome/build/assets/js/";4;4589;4
"27409";"Font-Awesome/build/assets/";3;4589;4
"27431";"Font-Awesome/src/";2;32123;4
"27445";"Font-Awesome/src/assets/js/";4;13767;4
"27455";"Font-Awesome/src/3.2.1/";3;18356;4
"27616";"Font-Awesome/src/3.2.1/assets/";4;18356;4
"27667";"Font-Awesome/";1;88339;4
"27675";"Font-Awesome/docs/assets/js/";4;50479;4
"27680";"Font-Awesome/docs/";2;50479;4
"27694";"Font-Awesome/build/";2;5736;4
"27708";"Font-Awesome/build/assets/js/";4;4589;4
"27727";"Font-Awesome/build/assets/";3;4589;4
"27749";"Font-Awesome/src/";2;32123;4
"27763";"Font-Awesome/src/assets/js/";4;13767;4
"27773";"Font-Awesome/src/3.2.1/";3;18356;4
"27934";"Font-Awesome/src/3.2.1/assets/";4;18356;4
"27985";"Font-Awesome/";1;88339;4
"27993";"Font-Awesome/docs/assets/js/";4;50479;4
"27998";"Font-Awesome/docs/";2;50479;4
"28012";"Font-Awesome/build/";2;5736;4
"28026";"Font-Awesome/build/assets/js/";4;4589;4
"28045";"Font-Awesome/build/assets/";3;4589;4
"28067";"Font-Awesome/src/";2;32123;4
"28081";"Font-Awesome/src/assets/js/";4;13767;4
"28091";"Font-Awesome/src/3.2.1/";3;18356;4
"28252";"Font-Awesome/src/3.2.1/assets/";4;18356;4
"28303";"Font-Awesome/";1;88339;4
"28311";"Font-Awesome/docs/assets/js/";4;50479;4
"28316";"Font-Awesome/docs/";2;50479;4
"28330";"Font-Awesome/build/";2;5736;4
"28344";"Font-Awesome/build/assets/js/";4;4589;4
"28363";"Font-Awesome/build/assets/";3;4589;4
"28385";"Font-Awesome/src/";2;32123;4
"28399";"Font-Awesome/src/assets/js/";4;13767;4
"28409";"Font-Awesome/src/3.2.1/";3;18356;4
"28570";"Font-Awesome/src/3.2.1/assets/";4;18356;4
"28621";"Font-Awesome/";1;88339;4
"28629";"Font-Awesome/docs/assets/js/";4;50479;4
"28634";"Font-Awesome/docs/";2;50479;4
"28648";"Font-Awesome/build/";2;5736;4
"28662";"Font-Awesome/build/assets/js/";4;4589;4
"28681";"Font-Awesome/build/assets/";3;4589;4
"28703";"Font-Awesome/src/";2;32123;4
"28717";"Font-Awesome/src/assets/js/";4;13767;4
"28727";"Font-Awesome/src/3.2.1/";3;18356;4
"28888";"Font-Awesome/src/3.2.1/assets/";4;18356;4
"28939";"Font-Awesome/";1;88339;4
"28947";"Font-Awesome/docs/assets/js/";4;50479;4
"28952";"Font-Awesome/docs/";2;50479;4
"28966";"Font-Awesome/build/";2;5736;4
"28980";"Font-Awesome/build/assets/js/";4;4589;4
"28999";"Font-Awesome/build/assets/";3;4589;4
"29021";"Font-Awesome/src/";2;32123;4
"29035";"Font-Awesome/src/assets/js/";4;13767;4
"29045";"Font-Awesome/src/3.2.1/";3;18356;4
"29206";"Font-Awesome/src/3.2.1/assets/";4;18356;4
"29257";"Font-Awesome/";1;840499;4
"29265";"Font-Awesome/docs/assets/js/";4;481178;4
"29270";"Font-Awesome/docs/";2;481178;4
"29284";"Font-Awesome/build/";2;53117;4
"29293";"Font-Awesome/build/_plugins/";3;9374;4
"29298";"Font-Awesome/build/assets/js/";4;43744;4
"29317";"Font-Awesome/build/assets/";3;43744;4
"29339";"Font-Awesome/src/";2;306204;4
"29353";"Font-Awesome/src/assets/js/";4;131230;4
"29363";"Font-Awesome/src/3.2.1/";3;174974;4
"29524";"Font-Awesome/src/3.2.1/assets/";4;174974;4
"29575";"Font-Awesome/";1;840499;4
"29583";"Font-Awesome/docs/assets/js/";4;481178;4
"29588";"Font-Awesome/docs/";2;481178;4
"29602";"Font-Awesome/build/";2;53117;4
"29611";"Font-Awesome/build/_plugins/";3;9374;4
"29616";"Font-Awesome/build/assets/js/";4;43744;4
"29635";"Font-Awesome/build/assets/";3;43744;4
"29657";"Font-Awesome/src/";2;306204;4
"29671";"Font-Awesome/src/assets/js/";4;131230;4
"29681";"Font-Awesome/src/3.2.1/";3;174974;4
"29842";"Font-Awesome/src/3.2.1/assets/";4;174974;4
"29893";"Font-Awesome/";1;840499;4
"29901";"Font-Awesome/docs/assets/js/";4;481178;4
"29906";"Font-Awesome/docs/";2;481178;4
"29920";"Font-Awesome/build/";2;53117;4
"29929";"Font-Awesome/build/_plugins/";3;9374;4
"29934";"Font-Awesome/build/assets/js/";4;43744;4
"29953";"Font-Awesome/build/assets/";3;43744;4
"29975";"Font-Awesome/src/";2;306204;4
"29989";"Font-Awesome/src/assets/js/";4;131230;4
"29999";"Font-Awesome/src/3.2.1/";3;174974;4
"30160";"Font-Awesome/src/3.2.1/assets/";4;174974;4
"30211";"Font-Awesome/";1;840499;4
"30219";"Font-Awesome/docs/assets/js/";4;481178;4
"30224";"Font-Awesome/docs/";2;481178;4
"30238";"Font-Awesome/build/";2;53117;4
"30247";"Font-Awesome/build/_plugins/";3;9374;4
"30252";"Font-Awesome/build/assets/js/";4;43744;4
"30271";"Font-Awesome/build/assets/";3;43744;4
"30293";"Font-Awesome/src/";2;306204;4
"30307";"Font-Awesome/src/assets/js/";4;131230;4
"30317";"Font-Awesome/src/3.2.1/";3;174974;4
"30478";"Font-Awesome/src/3.2.1/assets/";4;174974;4
"30529";"Font-Awesome/";1;840499;4
"30537";"Font-Awesome/docs/assets/js/";4;481178;4
"30542";"Font-Awesome/docs/";2;481178;4
"30556";"Font-Awesome/build/";2;53117;4
"30565";"Font-Awesome/build/_plugins/";3;9374;4
"30570";"Font-Awesome/build/assets/js/";4;43744;4
"30589";"Font-Awesome/build/assets/";3;43744;4
"30611";"Font-Awesome/src/";2;306204;4
"30625";"Font-Awesome/src/assets/js/";4;131230;4
"30635";"Font-Awesome/src/3.2.1/";3;174974;4
"30796";"Font-Awesome/src/3.2.1/assets/";4;174974;4
"30847";"Font-Awesome/";1;840499;4
"30855";"Font-Awesome/docs/assets/js/";4;481178;4
"30860";"Font-Awesome/docs/";2;481178;4
"30874";"Font-Awesome/build/";2;53117;4
"30883";"Font-Awesome/build/_plugins/";3;9374;4
"30888";"Font-Awesome/build/assets/js/";4;43744;4
"30907";"Font-Awesome/build/assets/";3;43744;4
"30929";"Font-Awesome/src/";2;306204;4
"30943";"Font-Awesome/src/assets/js/";4;131230;4
"30953";"Font-Awesome/src/3.2.1/";3;174974;4
"31114";"Font-Awesome/src/3.2.1/assets/";4;174974;4
"31165";"Font-Awesome/";1;818627;4
"31173";"Font-Awesome/docs/assets/js/";4;481177;4
"31178";"Font-Awesome/docs/";2;481177;4
"31192";"Font-Awesome/build/";2;53117;4
"31201";"Font-Awesome/build/_plugins/";3;9373;4
"31206";"Font-Awesome/build/assets/js/";4;43743;4
"31225";"Font-Awesome/build/assets/";3;43743;4
"31247";"Font-Awesome/src/";2;284332;4
"31261";"Font-Awesome/src/assets/js/";4;109358;4
"31271";"Font-Awesome/src/3.2.1/";3;174973;4
"31432";"Font-Awesome/src/3.2.1/assets/";4;174973;4
"31484";"Font-Awesome/";1;818627;4
"31492";"Font-Awesome/docs/assets/js/";4;481177;4
"31497";"Font-Awesome/docs/";2;481177;4
"31511";"Font-Awesome/build/";2;53117;4
"31520";"Font-Awesome/build/_plugins/";3;9373;4
"31525";"Font-Awesome/build/assets/js/";4;43743;4
"31544";"Font-Awesome/build/assets/";3;43743;4
"31566";"Font-Awesome/src/";2;284332;4
"31580";"Font-Awesome/src/assets/js/";4;109358;4
"31590";"Font-Awesome/src/3.2.1/";3;174973;4
"31751";"Font-Awesome/src/3.2.1/assets/";4;174973;4
"31803";"Font-Awesome/";1;818627;4
"31811";"Font-Awesome/docs/assets/js/";4;481177;4
"31816";"Font-Awesome/docs/";2;481177;4
"31830";"Font-Awesome/build/";2;53117;4
"31839";"Font-Awesome/build/_plugins/";3;9373;4
"31844";"Font-Awesome/build/assets/js/";4;43743;4
"31863";"Font-Awesome/build/assets/";3;43743;4
"31885";"Font-Awesome/src/";2;284332;4
"31899";"Font-Awesome/src/assets/js/";4;109358;4
"31909";"Font-Awesome/src/3.2.1/";3;174973;4
"32070";"Font-Awesome/src/3.2.1/assets/";4;174973;4
"32122";"Font-Awesome/";1;818627;4
"32130";"Font-Awesome/docs/assets/js/";4;481177;4
"32135";"Font-Awesome/docs/";2;481177;4
"32149";"Font-Awesome/build/";2;53117;4
"32158";"Font-Awesome/build/_plugins/";3;9373;4
"32163";"Font-Awesome/build/assets/js/";4;43743;4
"32182";"Font-Awesome/build/assets/";3;43743;4
"32204";"Font-Awesome/src/";2;284332;4
"32218";"Font-Awesome/src/assets/js/";4;109358;4
"32228";"Font-Awesome/src/3.2.1/";3;174973;4
"32389";"Font-Awesome/src/3.2.1/assets/";4;174973;4
"32441";"Font-Awesome/";1;818627;4
"32449";"Font-Awesome/docs/assets/js/";4;481177;4
"32454";"Font-Awesome/docs/";2;481177;4
"32468";"Font-Awesome/build/";2;53117;4
"32477";"Font-Awesome/build/_plugins/";3;9373;4
"32482";"Font-Awesome/build/assets/js/";4;43743;4
"32501";"Font-Awesome/build/assets/";3;43743;4
"32523";"Font-Awesome/src/";2;284332;4
"32537";"Font-Awesome/src/assets/js/";4;109358;4
"32547";"Font-Awesome/src/3.2.1/";3;174973;4
"32708";"Font-Awesome/src/3.2.1/assets/";4;174973;4
"32760";"Font-Awesome/";1;818627;4
"32768";"Font-Awesome/docs/assets/js/";4;481177;4
"32773";"Font-Awesome/docs/";2;481177;4
"32787";"Font-Awesome/build/";2;53117;4
"32796";"Font-Awesome/build/_plugins/";3;9373;4
"32801";"Font-Awesome/build/assets/js/";4;43743;4
"32820";"Font-Awesome/build/assets/";3;43743;4
"32842";"Font-Awesome/src/";2;284332;4
"32856";"Font-Awesome/src/assets/js/";4;109358;4
"32866";"Font-Awesome/src/3.2.1/";3;174973;4
"33027";"Font-Awesome/src/3.2.1/assets/";4;174973;4
"33079";"Font-Awesome/";1;818627;4
"33087";"Font-Awesome/docs/assets/js/";4;481177;4
"33092";"Font-Awesome/docs/";2;481177;4
"33106";"Font-Awesome/build/";2;53117;4
"33115";"Font-Awesome/build/_plugins/";3;9373;4
"33120";"Font-Awesome/build/assets/js/";4;43743;4
"33139";"Font-Awesome/build/assets/";3;43743;4
"33161";"Font-Awesome/src/";2;284332;4
"33175";"Font-Awesome/src/assets/js/";4;109358;4
"33185";"Font-Awesome/src/3.2.1/";3;174973;4
"33346";"Font-Awesome/src/3.2.1/assets/";4;174973;4
"33398";"Font-Awesome/";1;818627;4
"33406";"Font-Awesome/docs/assets/js/";4;481177;4
"33411";"Font-Awesome/docs/";2;481177;4
"33425";"Font-Awesome/build/";2;53117;4
"33434";"Font-Awesome/build/_plugins/";3;9373;4
"33439";"Font-Awesome/build/assets/js/";4;43743;4
"33458";"Font-Awesome/build/assets/";3;43743;4
"33480";"Font-Awesome/src/";2;284332;4
"33494";"Font-Awesome/src/assets/js/";4;109358;4
"33504";"Font-Awesome/src/3.2.1/";3;174973;4
"33665";"Font-Awesome/src/3.2.1/assets/";4;174973;4
"33717";"Font-Awesome/";1;818627;4
"33725";"Font-Awesome/docs/assets/js/";4;481178;4
"33730";"Font-Awesome/docs/";2;481178;4
"33744";"Font-Awesome/build/";2;53117;4
"33753";"Font-Awesome/build/_plugins/";3;9374;4
"33758";"Font-Awesome/build/assets/js/";4;43743;4
"33777";"Font-Awesome/build/assets/";3;43743;4
"33799";"Font-Awesome/src/";2;284332;4
"33813";"Font-Awesome/src/assets/js/";4;109359;4
"33823";"Font-Awesome/src/3.2.1/";3;174974;4
"33984";"Font-Awesome/src/3.2.1/assets/";4;174974;4
"34036";"Font-Awesome/";1;818627;4
"34044";"Font-Awesome/docs/assets/js/";4;481178;4
"34049";"Font-Awesome/docs/";2;481178;4
"34063";"Font-Awesome/build/";2;53117;4
"34072";"Font-Awesome/build/_plugins/";3;9374;4
"34077";"Font-Awesome/build/assets/js/";4;43743;4
"34096";"Font-Awesome/build/assets/";3;43743;4
"34118";"Font-Awesome/src/";2;284332;4
"34132";"Font-Awesome/src/assets/js/";4;109359;4
"34142";"Font-Awesome/src/3.2.1/";3;174974;4
"34303";"Font-Awesome/src/3.2.1/assets/";4;174974;4
"34355";"Font-Awesome/";1;818627;4
"34363";"Font-Awesome/docs/assets/js/";4;481178;4
"34368";"Font-Awesome/docs/";2;481178;4
"34382";"Font-Awesome/build/";2;53117;4
"34391";"Font-Awesome/build/_plugins/";3;9374;4
"34396";"Font-Awesome/build/assets/js/";4;43743;4
"34415";"Font-Awesome/build/assets/";3;43743;4
"34437";"Font-Awesome/src/";2;284332;4
"34451";"Font-Awesome/src/assets/js/";4;109359;4
"34461";"Font-Awesome/src/3.2.1/";3;174974;4
"34622";"Font-Awesome/src/3.2.1/assets/";4;174974;4
"34674";"Font-Awesome/";1;818627;4
"34682";"Font-Awesome/docs/assets/js/";4;481178;4
"34687";"Font-Awesome/docs/";2;481178;4
"34701";"Font-Awesome/build/";2;53117;4
"34710";"Font-Awesome/build/_plugins/";3;9374;4
"34715";"Font-Awesome/build/assets/js/";4;43743;4
"34734";"Font-Awesome/build/assets/";3;43743;4
"34756";"Font-Awesome/src/";2;284332;4
"34770";"Font-Awesome/src/assets/js/";4;109359;4
"34780";"Font-Awesome/src/3.2.1/";3;174974;4
"34941";"Font-Awesome/src/3.2.1/assets/";4;174974;4
"34993";"Font-Awesome/";1;818627;4
"35001";"Font-Awesome/docs/assets/js/";4;481178;4
"35006";"Font-Awesome/docs/";2;481178;4
"35020";"Font-Awesome/build/";2;53117;4
"35029";"Font-Awesome/build/_plugins/";3;9374;4
"35034";"Font-Awesome/build/assets/js/";4;43743;4
"35053";"Font-Awesome/build/assets/";3;43743;4
"35075";"Font-Awesome/src/";2;284332;4
"35089";"Font-Awesome/src/assets/js/";4;109359;4
"35099";"Font-Awesome/src/3.2.1/";3;174974;4
"35260";"Font-Awesome/src/3.2.1/assets/";4;174974;4
"35312";"Font-Awesome/";1;818627;4
"35320";"Font-Awesome/docs/assets/js/";4;481178;4
"35325";"Font-Awesome/docs/";2;481178;4
"35339";"Font-Awesome/build/";2;53117;4
"35348";"Font-Awesome/build/_plugins/";3;9374;4
"35353";"Font-Awesome/build/assets/js/";4;43743;4
"35372";"Font-Awesome/build/assets/";3;43743;4
"35394";"Font-Awesome/src/";2;284332;4
"35408";"Font-Awesome/src/assets/js/";4;109359;4
"35418";"Font-Awesome/src/3.2.1/";3;174974;4
"35579";"Font-Awesome/src/3.2.1/assets/";4;174974;4
"35631";"Font-Awesome/";1;818627;4
"35639";"Font-Awesome/docs/assets/js/";4;481178;4
"35644";"Font-Awesome/docs/";2;481178;4
"35658";"Font-Awesome/build/";2;53117;4
"35667";"Font-Awesome/build/_plugins/";3;9374;4
"35672";"Font-Awesome/build/assets/js/";4;43743;4
"35691";"Font-Awesome/build/assets/";3;43743;4
"35713";"Font-Awesome/src/";2;284332;4
"35727";"Font-Awesome/src/assets/js/";4;109359;4
"35737";"Font-Awesome/src/3.2.1/";3;174974;4
"35898";"Font-Awesome/src/3.2.1/assets/";4;174974;4
"35950";"Font-Awesome/";1;818627;4
"35958";"Font-Awesome/docs/assets/js/";4;481178;4
"35963";"Font-Awesome/docs/";2;481178;4
"35977";"Font-Awesome/build/";2;53117;4
"35986";"Font-Awesome/build/_plugins/";3;9374;4
"35991";"Font-Awesome/build/assets/js/";4;43743;4
"36010";"Font-Awesome/build/assets/";3;43743;4
"36032";"Font-Awesome/src/";2;284332;4
"36046";"Font-Awesome/src/assets/js/";4;109359;4
"36056";"Font-Awesome/src/3.2.1/";3;174974;4
"36217";"Font-Awesome/src/3.2.1/assets/";4;174974;4
"36269";"Font-Awesome/";1;818627;4
"36277";"Font-Awesome/docs/assets/js/";4;481178;4
"36282";"Font-Awesome/docs/";2;481178;4
"36296";"Font-Awesome/build/";2;53117;4
"36305";"Font-Awesome/build/_plugins/";3;9374;4
"36310";"Font-Awesome/build/assets/js/";4;43744;4
"36329";"Font-Awesome/build/assets/";3;43744;4
"36351";"Font-Awesome/src/";2;284333;4
"36365";"Font-Awesome/src/assets/js/";4;109359;4
"36375";"Font-Awesome/src/3.2.1/";3;174974;4
"36536";"Font-Awesome/src/3.2.1/assets/";4;174974;4
"36588";"Font-Awesome/";1;818627;4
"36596";"Font-Awesome/docs/assets/js/";4;481178;4
"36601";"Font-Awesome/docs/";2;481178;4
"36615";"Font-Awesome/build/";2;53117;4
"36624";"Font-Awesome/build/_plugins/";3;9374;4
"36629";"Font-Awesome/build/assets/js/";4;43744;4
"36648";"Font-Awesome/build/assets/";3;43744;4
"36670";"Font-Awesome/src/";2;284333;4
"36684";"Font-Awesome/src/assets/js/";4;109359;4
"36694";"Font-Awesome/src/3.2.1/";3;174974;4
"36855";"Font-Awesome/src/3.2.1/assets/";4;174974;4
"36907";"Font-Awesome/";1;818627;4
"36915";"Font-Awesome/docs/assets/js/";4;481178;4
"36920";"Font-Awesome/docs/";2;481178;4
"36934";"Font-Awesome/build/";2;53117;4
"36943";"Font-Awesome/build/_plugins/";3;9374;4
"36948";"Font-Awesome/build/assets/js/";4;43744;4
"36967";"Font-Awesome/build/assets/";3;43744;4
"36989";"Font-Awesome/src/";2;284333;4
"37003";"Font-Awesome/src/assets/js/";4;109359;4
"37013";"Font-Awesome/src/3.2.1/";3;174974;4
"37174";"Font-Awesome/src/3.2.1/assets/";4;174974;4
"37226";"Font-Awesome/";1;818627;4
"37234";"Font-Awesome/docs/assets/js/";4;481178;4
"37239";"Font-Awesome/docs/";2;481178;4
"37253";"Font-Awesome/build/";2;53117;4
"37262";"Font-Awesome/build/_plugins/";3;9374;4
"37267";"Font-Awesome/build/assets/js/";4;43744;4
"37286";"Font-Awesome/build/assets/";3;43744;4
"37308";"Font-Awesome/src/";2;284333;4
"37322";"Font-Awesome/src/assets/js/";4;109359;4
"37332";"Font-Awesome/src/3.2.1/";3;174974;4
"37493";"Font-Awesome/src/3.2.1/assets/";4;174974;4
"37545";"Font-Awesome/";1;818627;4
"37553";"Font-Awesome/docs/assets/js/";4;481178;4
"37558";"Font-Awesome/docs/";2;481178;4
"37572";"Font-Awesome/build/";2;53117;4
"37581";"Font-Awesome/build/_plugins/";3;9374;4
"37586";"Font-Awesome/build/assets/js/";4;43744;4
"37605";"Font-Awesome/build/assets/";3;43744;4
"37627";"Font-Awesome/src/";2;284333;4
"37641";"Font-Awesome/src/assets/js/";4;109359;4
"37651";"Font-Awesome/src/3.2.1/";3;174974;4
"37812";"Font-Awesome/src/3.2.1/assets/";4;174974;4
"37864";"Font-Awesome/";1;818627;4
"37872";"Font-Awesome/docs/assets/js/";4;481178;4
"37877";"Font-Awesome/docs/";2;481178;4
"37891";"Font-Awesome/build/";2;53117;4
"37900";"Font-Awesome/build/_plugins/";3;9374;4
"37905";"Font-Awesome/build/assets/js/";4;43744;4
"37924";"Font-Awesome/build/assets/";3;43744;4
"37946";"Font-Awesome/src/";2;284333;4
"37960";"Font-Awesome/src/assets/js/";4;109359;4
"37970";"Font-Awesome/src/3.2.1/";3;174974;4
"38131";"Font-Awesome/src/3.2.1/assets/";4;174974;4
"38183";"Font-Awesome/";1;818627;4
"38191";"Font-Awesome/docs/assets/js/";4;481178;4
"38196";"Font-Awesome/docs/";2;481178;4
"38210";"Font-Awesome/build/";2;53117;4
"38219";"Font-Awesome/build/_plugins/";3;9374;4
"38224";"Font-Awesome/build/assets/js/";4;43744;4
"38243";"Font-Awesome/build/assets/";3;43744;4
"38265";"Font-Awesome/src/";2;284333;4
"38279";"Font-Awesome/src/assets/js/";4;109359;4
"38289";"Font-Awesome/src/3.2.1/";3;174974;4
"38450";"Font-Awesome/src/3.2.1/assets/";4;174974;4
"38502";"Font-Awesome/";1;818627;4
"38510";"Font-Awesome/docs/assets/js/";4;481178;4
"38515";"Font-Awesome/docs/";2;481178;4
"38529";"Font-Awesome/build/";2;53117;4
"38538";"Font-Awesome/build/_plugins/";3;9374;4
"38543";"Font-Awesome/build/assets/js/";4;43744;4
"38562";"Font-Awesome/build/assets/";3;43744;4
"38584";"Font-Awesome/src/";2;284333;4
"38598";"Font-Awesome/src/assets/js/";4;109359;4
"38608";"Font-Awesome/src/3.2.1/";3;174974;4
"38769";"Font-Awesome/src/3.2.1/assets/";4;174974;4
"38821";"Font-Awesome/";1;818627;4
"38829";"Font-Awesome/docs/assets/js/";4;481178;4
"38834";"Font-Awesome/docs/";2;481178;4
"38848";"Font-Awesome/build/";2;53117;4
"38857";"Font-Awesome/build/_plugins/";3;9374;4
"38862";"Font-Awesome/build/assets/js/";4;43744;4
"38881";"Font-Awesome/build/assets/";3;43744;4
"38903";"Font-Awesome/src/";2;284333;4
"38917";"Font-Awesome/src/assets/js/";4;109359;4
"38927";"Font-Awesome/src/3.2.1/";3;174974;4
"39088";"Font-Awesome/src/3.2.1/assets/";4;174974;4
"39140";"Font-Awesome/";1;818627;4
"39148";"Font-Awesome/docs/assets/js/";4;481178;4
"39153";"Font-Awesome/docs/";2;481178;4
"39167";"Font-Awesome/build/";2;53117;4
"39176";"Font-Awesome/build/_plugins/";3;9374;4
"39181";"Font-Awesome/build/assets/js/";4;43744;4
"39200";"Font-Awesome/build/assets/";3;43744;4
"39222";"Font-Awesome/src/";2;284333;4
"39236";"Font-Awesome/src/assets/js/";4;109359;4
"39246";"Font-Awesome/src/3.2.1/";3;174974;4
"39407";"Font-Awesome/src/3.2.1/assets/";4;174974;4
"39459";"Font-Awesome/";1;818627;4
"39467";"Font-Awesome/docs/assets/js/";4;481178;4
"39472";"Font-Awesome/docs/";2;481178;4
"39486";"Font-Awesome/build/";2;53117;4
"39495";"Font-Awesome/build/_plugins/";3;9374;4
"39500";"Font-Awesome/build/assets/js/";4;43744;4
"39519";"Font-Awesome/build/assets/";3;43744;4
"39541";"Font-Awesome/src/";2;284333;4
"39555";"Font-Awesome/src/assets/js/";4;109359;4
"39565";"Font-Awesome/src/3.2.1/";3;174974;4
"39726";"Font-Awesome/src/3.2.1/assets/";4;174974;4
"39778";"Font-Awesome/";1;818627;4
"39786";"Font-Awesome/docs/assets/js/";4;481178;4
"39791";"Font-Awesome/docs/";2;481178;4
"39805";"Font-Awesome/build/";2;53117;4
"39814";"Font-Awesome/build/_plugins/";3;9374;4
"39819";"Font-Awesome/build/assets/js/";4;43744;4
"39838";"Font-Awesome/build/assets/";3;43744;4
"39860";"Font-Awesome/src/";2;284333;4
"39874";"Font-Awesome/src/assets/js/";4;109359;4
"39884";"Font-Awesome/src/3.2.1/";3;174974;4
"40045";"Font-Awesome/src/3.2.1/assets/";4;174974;4
"40097";"Font-Awesome/";1;818627;4
"40105";"Font-Awesome/docs/assets/js/";4;481178;4
"40110";"Font-Awesome/docs/";2;481178;4
"40124";"Font-Awesome/build/";2;53117;4
"40133";"Font-Awesome/build/_plugins/";3;9374;4
"40138";"Font-Awesome/build/assets/js/";4;43744;4
"40157";"Font-Awesome/build/assets/";3;43744;4
"40179";"Font-Awesome/src/";2;284333;4
"40193";"Font-Awesome/src/assets/js/";4;109359;4
"40203";"Font-Awesome/src/3.2.1/";3;174974;4
"40364";"Font-Awesome/src/3.2.1/assets/";4;174974;4
"40416";"Font-Awesome/";1;818627;4
"40424";"Font-Awesome/docs/assets/js/";4;481178;4
"40429";"Font-Awesome/docs/";2;481178;4
"40443";"Font-Awesome/build/";2;53117;4
"40452";"Font-Awesome/build/_plugins/";3;9374;4
"40457";"Font-Awesome/build/assets/js/";4;43744;4
"40476";"Font-Awesome/build/assets/";3;43744;4
"40498";"Font-Awesome/src/";2;284333;4
"40512";"Font-Awesome/src/assets/js/";4;109359;4
"40522";"Font-Awesome/src/3.2.1/";3;174974;4
"40683";"Font-Awesome/src/3.2.1/assets/";4;174974;4
"40735";"Font-Awesome/";1;818627;4
"40743";"Font-Awesome/docs/assets/js/";4;481178;4
"40748";"Font-Awesome/docs/";2;481178;4
"40762";"Font-Awesome/build/";2;53117;4
"40771";"Font-Awesome/build/_plugins/";3;9374;4
"40776";"Font-Awesome/build/assets/js/";4;43744;4
"40795";"Font-Awesome/build/assets/";3;43744;4
"40817";"Font-Awesome/src/";2;284333;4
"40831";"Font-Awesome/src/assets/js/";4;109359;4
"40841";"Font-Awesome/src/3.2.1/";3;174974;4
"41002";"Font-Awesome/src/3.2.1/assets/";4;174974;4
"41054";"Font-Awesome/";1;818627;4
"41062";"Font-Awesome/docs/assets/js/";4;481178;4
"41067";"Font-Awesome/docs/";2;481178;4
"41081";"Font-Awesome/build/";2;53117;4
"41090";"Font-Awesome/build/_plugins/";3;9374;4
"41095";"Font-Awesome/build/assets/js/";4;43744;4
"41114";"Font-Awesome/build/assets/";3;43744;4
"41136";"Font-Awesome/src/";2;284333;4
"41150";"Font-Awesome/src/assets/js/";4;109359;4
"41160";"Font-Awesome/src/3.2.1/";3;174974;4
"41321";"Font-Awesome/src/3.2.1/assets/";4;174974;4
"41373";"Font-Awesome/";1;818627;4
"41381";"Font-Awesome/docs/assets/js/";4;481178;4
"41386";"Font-Awesome/docs/";2;481178;4
"41400";"Font-Awesome/build/";2;53117;4
"41409";"Font-Awesome/build/_plugins/";3;9374;4
"41414";"Font-Awesome/build/assets/js/";4;43744;4
"41433";"Font-Awesome/build/assets/";3;43744;4
"41455";"Font-Awesome/src/";2;284333;4
"41469";"Font-Awesome/src/assets/js/";4;109359;4
"41479";"Font-Awesome/src/3.2.1/";3;174974;4
"41640";"Font-Awesome/src/3.2.1/assets/";4;174974;4
"41692";"Font-Awesome/";1;818627;4
"41700";"Font-Awesome/docs/assets/js/";4;481178;4
"41705";"Font-Awesome/docs/";2;481178;4
"41719";"Font-Awesome/build/";2;53117;4
"41728";"Font-Awesome/build/_plugins/";3;9374;4
"41733";"Font-Awesome/build/assets/js/";4;43744;4
"41752";"Font-Awesome/build/assets/";3;43744;4
"41774";"Font-Awesome/src/";2;284333;4
"41788";"Font-Awesome/src/assets/js/";4;109359;4
"41798";"Font-Awesome/src/3.2.1/";3;174974;4
"41959";"Font-Awesome/src/3.2.1/assets/";4;174974;4
"42011";"Font-Awesome/";1;818627;4
"42019";"Font-Awesome/docs/assets/js/";4;481178;4
"42024";"Font-Awesome/docs/";2;481178;4
"42038";"Font-Awesome/build/";2;53117;4
"42047";"Font-Awesome/build/_plugins/";3;9374;4
"42052";"Font-Awesome/build/assets/js/";4;43744;4
"42071";"Font-Awesome/build/assets/";3;43744;4
"42093";"Font-Awesome/src/";2;284333;4
"42107";"Font-Awesome/src/assets/js/";4;109359;4
"42117";"Font-Awesome/src/3.2.1/";3;174974;4
"42278";"Font-Awesome/src/3.2.1/assets/";4;174974;4
"42330";"Font-Awesome/";1;818627;4
"42338";"Font-Awesome/docs/assets/js/";4;481178;4
"42343";"Font-Awesome/docs/";2;481178;4
"42357";"Font-Awesome/build/";2;53117;4
"42366";"Font-Awesome/build/_plugins/";3;9374;4
"42371";"Font-Awesome/build/assets/js/";4;43744;4
"42390";"Font-Awesome/build/assets/";3;43744;4
"42412";"Font-Awesome/src/";2;284333;4
"42426";"Font-Awesome/src/assets/js/";4;109359;4
"42436";"Font-Awesome/src/3.2.1/";3;174974;4
"42597";"Font-Awesome/src/3.2.1/assets/";4;174974;4
"42649";"Font-Awesome/";1;818627;4
"42657";"Font-Awesome/docs/assets/js/";4;481178;4
"42662";"Font-Awesome/docs/";2;481178;4
"42676";"Font-Awesome/build/";2;53117;4
"42685";"Font-Awesome/build/_plugins/";3;9374;4
"42690";"Font-Awesome/build/assets/js/";4;43744;4
"42709";"Font-Awesome/build/assets/";3;43744;4
"42731";"Font-Awesome/src/";2;284333;4
"42745";"Font-Awesome/src/assets/js/";4;109359;4
"42755";"Font-Awesome/src/3.2.1/";3;174974;4
"42916";"Font-Awesome/src/3.2.1/assets/";4;174974;4
"42968";"Font-Awesome/";1;818627;4
"42976";"Font-Awesome/docs/assets/js/";4;481178;4
"42981";"Font-Awesome/docs/";2;481178;4
"42995";"Font-Awesome/build/";2;53117;4
"43004";"Font-Awesome/build/_plugins/";3;9373;4
"43009";"Font-Awesome/build/assets/js/";4;43743;4
"43028";"Font-Awesome/build/assets/";3;43743;4
"43050";"Font-Awesome/src/";2;284332;4
"43064";"Font-Awesome/src/assets/js/";4;109358;4
"43074";"Font-Awesome/src/3.2.1/";3;174973;4
"43235";"Font-Awesome/src/3.2.1/assets/";4;174973;4
"43287";"Font-Awesome/";1;818627;4
"43295";"Font-Awesome/docs/assets/js/";4;481178;4
"43300";"Font-Awesome/docs/";2;481178;4
"43314";"Font-Awesome/build/";2;53117;4
"43323";"Font-Awesome/build/_plugins/";3;9373;4
"43328";"Font-Awesome/build/assets/js/";4;43743;4
"43347";"Font-Awesome/build/assets/";3;43743;4
"43369";"Font-Awesome/src/";2;284332;4
"43383";"Font-Awesome/src/assets/js/";4;109358;4
"43393";"Font-Awesome/src/3.2.1/";3;174973;4
"43554";"Font-Awesome/src/3.2.1/assets/";4;174973;4
"43606";"Font-Awesome/";1;818627;4
"43614";"Font-Awesome/docs/assets/js/";4;481178;4
"43619";"Font-Awesome/docs/";2;481178;4
"43633";"Font-Awesome/build/";2;53117;4
"43642";"Font-Awesome/build/_plugins/";3;9373;4
"43647";"Font-Awesome/build/assets/js/";4;43743;4
"43666";"Font-Awesome/build/assets/";3;43743;4
"43688";"Font-Awesome/src/";2;284332;4
"43702";"Font-Awesome/src/assets/js/";4;109358;4
"43712";"Font-Awesome/src/3.2.1/";3;174973;4
"43873";"Font-Awesome/src/3.2.1/assets/";4;174973;4
"43925";"Font-Awesome/";1;818627;4
"43933";"Font-Awesome/docs/assets/js/";4;481178;4
"43938";"Font-Awesome/docs/";2;481178;4
"43952";"Font-Awesome/build/";2;53117;4
"43961";"Font-Awesome/build/_plugins/";3;9373;4
"43966";"Font-Awesome/build/assets/js/";4;43743;4
"43985";"Font-Awesome/build/assets/";3;43743;4
"44007";"Font-Awesome/src/";2;284332;4
"44021";"Font-Awesome/src/assets/js/";4;109358;4
"44031";"Font-Awesome/src/3.2.1/";3;174973;4
"44192";"Font-Awesome/src/3.2.1/assets/";4;174973;4
"44244";"Font-Awesome/";1;818627;4
"44252";"Font-Awesome/docs/assets/js/";4;481178;4
"44257";"Font-Awesome/docs/";2;481178;4
"44271";"Font-Awesome/build/";2;53117;4
"44280";"Font-Awesome/build/_plugins/";3;9373;4
"44285";"Font-Awesome/build/assets/js/";4;43743;4
"44304";"Font-Awesome/build/assets/";3;43743;4
"44326";"Font-Awesome/src/";2;284332;4
"44340";"Font-Awesome/src/assets/js/";4;109358;4
"44350";"Font-Awesome/src/3.2.1/";3;174973;4
"44511";"Font-Awesome/src/3.2.1/assets/";4;174973;4
"44563";"Font-Awesome/";1;818627;4
"44571";"Font-Awesome/docs/assets/js/";4;481178;4
"44576";"Font-Awesome/docs/";2;481178;4
"44590";"Font-Awesome/build/";2;53117;4
"44599";"Font-Awesome/build/_plugins/";3;9373;4
"44604";"Font-Awesome/build/assets/js/";4;43743;4
"44623";"Font-Awesome/build/assets/";3;43743;4
"44645";"Font-Awesome/src/";2;284332;4
"44659";"Font-Awesome/src/assets/js/";4;109358;4
"44669";"Font-Awesome/src/3.2.1/";3;174973;4
"44830";"Font-Awesome/src/3.2.1/assets/";4;174973;4
"44882";"Font-Awesome/";1;818627;4
"44890";"Font-Awesome/docs/assets/js/";4;481178;4
"44895";"Font-Awesome/docs/";2;481178;4
"44909";"Font-Awesome/build/";2;53117;4
"44918";"Font-Awesome/build/_plugins/";3;9373;4
"44923";"Font-Awesome/build/assets/js/";4;43743;4
"44942";"Font-Awesome/build/assets/";3;43743;4
"44964";"Font-Awesome/src/";2;284332;4
"44978";"Font-Awesome/src/assets/js/";4;109358;4
"44988";"Font-Awesome/src/3.2.1/";3;174973;4
"45149";"Font-Awesome/src/3.2.1/assets/";4;174973;4
"45201";"Font-Awesome/";1;818627;4
"45209";"Font-Awesome/docs/assets/js/";4;481178;4
"45214";"Font-Awesome/docs/";2;481178;4
"45228";"Font-Awesome/build/";2;53117;4
"45237";"Font-Awesome/build/_plugins/";3;9373;4
"45242";"Font-Awesome/build/assets/js/";4;43743;4
"45261";"Font-Awesome/build/assets/";3;43743;4
"45283";"Font-Awesome/src/";2;284332;4
"45297";"Font-Awesome/src/assets/js/";4;109358;4
"45307";"Font-Awesome/src/3.2.1/";3;174973;4
"45468";"Font-Awesome/src/3.2.1/assets/";4;174973;4
"45520";"Font-Awesome/";1;818627;4
"45528";"Font-Awesome/docs/assets/js/";4;481178;4
"45533";"Font-Awesome/docs/";2;481178;4
"45547";"Font-Awesome/build/";2;53117;4
"45556";"Font-Awesome/build/_plugins/";3;9373;4
"45561";"Font-Awesome/build/assets/js/";4;43743;4
"45580";"Font-Awesome/build/assets/";3;43743;4
"45602";"Font-Awesome/src/";2;284332;4
"45616";"Font-Awesome/src/assets/js/";4;109358;4
"45626";"Font-Awesome/src/3.2.1/";3;174973;4
"45787";"Font-Awesome/src/3.2.1/assets/";4;174973;4
"45839";"Font-Awesome/";1;818627;4
"45847";"Font-Awesome/docs/assets/js/";4;481178;4
"45852";"Font-Awesome/docs/";2;481178;4
"45866";"Font-Awesome/build/";2;53117;4
"45875";"Font-Awesome/build/_plugins/";3;9373;4
"45880";"Font-Awesome/build/assets/js/";4;43743;4
"45899";"Font-Awesome/build/assets/";3;43743;4
"45921";"Font-Awesome/src/";2;284332;4
"45935";"Font-Awesome/src/assets/js/";4;109358;4
"45945";"Font-Awesome/src/3.2.1/";3;174973;4
"46106";"Font-Awesome/src/3.2.1/assets/";4;174973;4
"46158";"Font-Awesome/";1;818627;4
"46166";"Font-Awesome/docs/assets/js/";4;481178;4
"46171";"Font-Awesome/docs/";2;481178;4
"46185";"Font-Awesome/build/";2;53117;4
"46194";"Font-Awesome/build/_plugins/";3;9373;4
"46199";"Font-Awesome/build/assets/js/";4;43743;4
"46218";"Font-Awesome/build/assets/";3;43743;4
"46240";"Font-Awesome/src/";2;284332;4
"46254";"Font-Awesome/src/assets/js/";4;109358;4
"46264";"Font-Awesome/src/3.2.1/";3;174973;4
"46425";"Font-Awesome/src/3.2.1/assets/";4;174973;4
"46477";"Font-Awesome/";1;818627;4
"46485";"Font-Awesome/docs/assets/js/";4;481178;4
"46490";"Font-Awesome/docs/";2;481178;4
"46504";"Font-Awesome/build/";2;53117;4
"46513";"Font-Awesome/build/_plugins/";3;9373;4
"46518";"Font-Awesome/build/assets/js/";4;43743;4
"46537";"Font-Awesome/build/assets/";3;43743;4
"46559";"Font-Awesome/src/";2;284332;4
"46573";"Font-Awesome/src/assets/js/";4;109358;4
"46583";"Font-Awesome/src/3.2.1/";3;174973;4
"46744";"Font-Awesome/src/3.2.1/assets/";4;174973;4
"46796";"Font-Awesome/";1;818627;4
"46804";"Font-Awesome/docs/assets/js/";4;481178;4
"46809";"Font-Awesome/docs/";2;481178;4
"46823";"Font-Awesome/build/";2;53117;4
"46832";"Font-Awesome/build/_plugins/";3;9373;4
"46837";"Font-Awesome/build/assets/js/";4;43743;4
"46856";"Font-Awesome/build/assets/";3;43743;4
"46878";"Font-Awesome/src/";2;284332;4
"46892";"Font-Awesome/src/assets/js/";4;109358;4
"46902";"Font-Awesome/src/3.2.1/";3;174973;4
"47063";"Font-Awesome/src/3.2.1/assets/";4;174973;4
"47115";"Font-Awesome/";1;818627;4
"47123";"Font-Awesome/docs/assets/js/";4;481178;4
"47128";"Font-Awesome/docs/";2;481178;4
"47142";"Font-Awesome/build/";2;53117;4
"47151";"Font-Awesome/build/_plugins/";3;9373;4
"47156";"Font-Awesome/build/assets/js/";4;43743;4
"47175";"Font-Awesome/build/assets/";3;43743;4
"47197";"Font-Awesome/src/";2;284332;4
"47211";"Font-Awesome/src/assets/js/";4;109358;4
"47221";"Font-Awesome/src/3.2.1/";3;174973;4
"47382";"Font-Awesome/src/3.2.1/assets/";4;174973;4
"47434";"Font-Awesome/";1;818627;4
"47442";"Font-Awesome/docs/assets/js/";4;481178;4
"47447";"Font-Awesome/docs/";2;481178;4
"47461";"Font-Awesome/build/";2;53117;4
"47470";"Font-Awesome/build/_plugins/";3;9373;4
"47475";"Font-Awesome/build/assets/js/";4;43743;4
"47494";"Font-Awesome/build/assets/";3;43743;4
"47516";"Font-Awesome/src/";2;284332;4
"47530";"Font-Awesome/src/assets/js/";4;109358;4
"47540";"Font-Awesome/src/3.2.1/";3;174973;4
"47701";"Font-Awesome/src/3.2.1/assets/";4;174973;4
"47753";"Font-Awesome/";1;818627;4
"47761";"Font-Awesome/docs/assets/js/";4;481178;4
"47766";"Font-Awesome/docs/";2;481178;4
"47780";"Font-Awesome/build/";2;53117;4
"47789";"Font-Awesome/build/_plugins/";3;9373;4
"47794";"Font-Awesome/build/assets/js/";4;43743;4
"47813";"Font-Awesome/build/assets/";3;43743;4
"47835";"Font-Awesome/src/";2;284332;4
"47849";"Font-Awesome/src/assets/js/";4;109358;4
"47859";"Font-Awesome/src/3.2.1/";3;174973;4
"48020";"Font-Awesome/src/3.2.1/assets/";4;174973;4
"48072";"Font-Awesome/";1;818627;4
"48080";"Font-Awesome/docs/assets/js/";4;481178;4
"48085";"Font-Awesome/docs/";2;481178;4
"48099";"Font-Awesome/build/";2;53117;4
"48108";"Font-Awesome/build/_plugins/";3;9373;4
"48113";"Font-Awesome/build/assets/js/";4;43743;4
"48132";"Font-Awesome/build/assets/";3;43743;4
"48154";"Font-Awesome/src/";2;284332;4
"48168";"Font-Awesome/src/assets/js/";4;109358;4
"48178";"Font-Awesome/src/3.2.1/";3;174973;4
"48339";"Font-Awesome/src/3.2.1/assets/";4;174973;4
"48391";"Font-Awesome/";1;818627;4
"48399";"Font-Awesome/docs/assets/js/";4;481178;4
"48404";"Font-Awesome/docs/";2;481178;4
"48418";"Font-Awesome/build/";2;53117;4
"48427";"Font-Awesome/build/_plugins/";3;9373;4
"48432";"Font-Awesome/build/assets/js/";4;43743;4
"48451";"Font-Awesome/build/assets/";3;43743;4
"48473";"Font-Awesome/src/";2;284332;4
"48487";"Font-Awesome/src/assets/js/";4;109358;4
"48497";"Font-Awesome/src/3.2.1/";3;174973;4
"48658";"Font-Awesome/src/3.2.1/assets/";4;174973;4
"48710";"Font-Awesome/";1;818627;4
"48718";"Font-Awesome/docs/assets/js/";4;481178;4
"48723";"Font-Awesome/docs/";2;481178;4
"48737";"Font-Awesome/build/";2;53117;4
"48746";"Font-Awesome/build/_plugins/";3;9373;4
"48751";"Font-Awesome/build/assets/js/";4;43743;4
"48770";"Font-Awesome/build/assets/";3;43743;4
"48792";"Font-Awesome/src/";2;284332;4
"48806";"Font-Awesome/src/assets/js/";4;109358;4
"48816";"Font-Awesome/src/3.2.1/";3;174973;4
"48977";"Font-Awesome/src/3.2.1/assets/";4;174973;4
"49029";"Font-Awesome/";1;818627;4
"49037";"Font-Awesome/docs/assets/js/";4;481178;4
"49042";"Font-Awesome/docs/";2;481178;4
"49056";"Font-Awesome/build/";2;53117;4
"49065";"Font-Awesome/build/_plugins/";3;9373;4
"49070";"Font-Awesome/build/assets/js/";4;43743;4
"49089";"Font-Awesome/build/assets/";3;43743;4
"49111";"Font-Awesome/src/";2;284332;4
"49125";"Font-Awesome/src/assets/js/";4;109358;4
"49135";"Font-Awesome/src/3.2.1/";3;174973;4
"49296";"Font-Awesome/src/3.2.1/assets/";4;174973;4
"49348";"Font-Awesome/";1;840499;4
"49356";"Font-Awesome/docs/assets/js/";4;481178;4
"49361";"Font-Awesome/docs/";2;481178;4
"49375";"Font-Awesome/build/";2;53117;4
"49384";"Font-Awesome/build/_plugins/";3;9373;4
"49389";"Font-Awesome/build/assets/js/";4;43743;4
"49408";"Font-Awesome/build/assets/";3;43743;4
"49430";"Font-Awesome/src/";2;306204;4
"49444";"Font-Awesome/src/assets/js/";4;131230;4
"49454";"Font-Awesome/src/3.2.1/";3;174974;4
"49615";"Font-Awesome/src/3.2.1/assets/";4;174974;4
"49668";"Font-Awesome/";1;840499;4
"49676";"Font-Awesome/docs/assets/js/";4;481178;4
"49681";"Font-Awesome/docs/";2;481178;4
"49695";"Font-Awesome/build/";2;53117;4
"49704";"Font-Awesome/build/_plugins/";3;9373;4
"49709";"Font-Awesome/build/assets/js/";4;43743;4
"49728";"Font-Awesome/build/assets/";3;43743;4
"49750";"Font-Awesome/src/";2;306204;4
"49764";"Font-Awesome/src/assets/js/";4;131230;4
"49774";"Font-Awesome/src/3.2.1/";3;174974;4
"49935";"Font-Awesome/src/3.2.1/assets/";4;174974;4
"49991";"Font-Awesome/";1;840499;4
"49999";"Font-Awesome/docs/assets/js/";4;481178;4
"50004";"Font-Awesome/docs/";2;481178;4
"50018";"Font-Awesome/build/";2;53117;4
"50027";"Font-Awesome/build/_plugins/";3;9373;4
"50032";"Font-Awesome/build/assets/js/";4;43743;4
"50051";"Font-Awesome/build/assets/";3;43743;4
"50073";"Font-Awesome/src/";2;306204;4
"50087";"Font-Awesome/src/assets/js/";4;131230;4
"50097";"Font-Awesome/src/3.2.1/";3;174974;4
"50258";"Font-Awesome/src/3.2.1/assets/";4;174974;4
"50314";"Font-Awesome/";1;840499;4
"50322";"Font-Awesome/docs/assets/js/";4;481178;4
"50327";"Font-Awesome/docs/";2;481178;4
"50341";"Font-Awesome/build/";2;53117;4
"50350";"Font-Awesome/build/_plugins/";3;9373;4
"50355";"Font-Awesome/build/assets/js/";4;43743;4
"50374";"Font-Awesome/build/assets/";3;43743;4
"50396";"Font-Awesome/src/";2;306204;4
"50410";"Font-Awesome/src/assets/js/";4;131230;4
"50420";"Font-Awesome/src/3.2.1/";3;174974;4
"50581";"Font-Awesome/src/3.2.1/assets/";4;174974;4
"50637";"Font-Awesome/";1;840499;4
"50645";"Font-Awesome/docs/assets/js/";4;481178;4
"50650";"Font-Awesome/docs/";2;481178;4
"50664";"Font-Awesome/build/";2;53117;4
"50673";"Font-Awesome/build/_plugins/";3;9373;4
"50678";"Font-Awesome/build/assets/js/";4;43743;4
"50697";"Font-Awesome/build/assets/";3;43743;4
"50719";"Font-Awesome/src/";2;306204;4
"50733";"Font-Awesome/src/assets/js/";4;131230;4
"50743";"Font-Awesome/src/3.2.1/";3;174974;4
"50904";"Font-Awesome/src/3.2.1/assets/";4;174974;4
"50960";"Font-Awesome/";1;840499;4
"50968";"Font-Awesome/docs/assets/js/";4;481178;4
"50973";"Font-Awesome/docs/";2;481178;4
"50987";"Font-Awesome/build/";2;53117;4
"50996";"Font-Awesome/build/_plugins/";3;9373;4
"51001";"Font-Awesome/build/assets/js/";4;43743;4
"51020";"Font-Awesome/build/assets/";3;43743;4
"51042";"Font-Awesome/src/";2;306204;4
"51056";"Font-Awesome/src/assets/js/";4;131230;4
"51066";"Font-Awesome/src/3.2.1/";3;174974;4
"51227";"Font-Awesome/src/3.2.1/assets/";4;174974;4
"51283";"Font-Awesome/";1;840499;4
"51291";"Font-Awesome/docs/assets/js/";4;481178;4
"51296";"Font-Awesome/docs/";2;481178;4
"51310";"Font-Awesome/build/";2;53117;4
"51319";"Font-Awesome/build/_plugins/";3;9373;4
"51324";"Font-Awesome/build/assets/js/";4;43743;4
"51343";"Font-Awesome/build/assets/";3;43743;4
"51365";"Font-Awesome/src/";2;306204;4
"51379";"Font-Awesome/src/assets/js/";4;131230;4
"51389";"Font-Awesome/src/3.2.1/";3;174974;4
"51550";"Font-Awesome/src/3.2.1/assets/";4;174974;4
"51606";"Font-Awesome/";1;840499;4
"51614";"Font-Awesome/docs/assets/js/";4;481178;4
"51619";"Font-Awesome/docs/";2;481178;4
"51633";"Font-Awesome/build/";2;53117;4
"51642";"Font-Awesome/build/_plugins/";3;9373;4
"51647";"Font-Awesome/build/assets/js/";4;43743;4
"51666";"Font-Awesome/build/assets/";3;43743;4
"51688";"Font-Awesome/src/";2;306204;4
"51702";"Font-Awesome/src/assets/js/";4;131230;4
"51712";"Font-Awesome/src/3.2.1/";3;174974;4
"51873";"Font-Awesome/src/3.2.1/assets/";4;174974;4
"51929";"Font-Awesome/";1;840499;4
"51937";"Font-Awesome/docs/assets/js/";4;481178;4
"51942";"Font-Awesome/docs/";2;481178;4
"51956";"Font-Awesome/build/";2;53117;4
"51965";"Font-Awesome/build/_plugins/";3;9373;4
"51970";"Font-Awesome/build/assets/js/";4;43743;4
"51989";"Font-Awesome/build/assets/";3;43743;4
"52011";"Font-Awesome/src/";2;306204;4
"52025";"Font-Awesome/src/assets/js/";4;131230;4
"52035";"Font-Awesome/src/3.2.1/";3;174974;4
"52196";"Font-Awesome/src/3.2.1/assets/";4;174974;4
"52252";"Font-Awesome/";1;840499;4
"52260";"Font-Awesome/docs/assets/js/";4;481178;4
"52265";"Font-Awesome/docs/";2;481178;4
"52279";"Font-Awesome/build/";2;53117;4
"52288";"Font-Awesome/build/_plugins/";3;9373;4
"52293";"Font-Awesome/build/assets/js/";4;43743;4
"52312";"Font-Awesome/build/assets/";3;43743;4
"52334";"Font-Awesome/src/";2;306204;4
"52348";"Font-Awesome/src/assets/js/";4;131230;4
"52358";"Font-Awesome/src/3.2.1/";3;174974;4
"52519";"Font-Awesome/src/3.2.1/assets/";4;174974;4
"52575";"Font-Awesome/";1;840499;4
"52583";"Font-Awesome/docs/assets/js/";4;481178;4
"52588";"Font-Awesome/docs/";2;481178;4
"52602";"Font-Awesome/build/";2;53117;4
"52611";"Font-Awesome/build/_plugins/";3;9373;4
"52616";"Font-Awesome/build/assets/js/";4;43743;4
"52635";"Font-Awesome/build/assets/";3;43743;4
"52657";"Font-Awesome/src/";2;306204;4
"52671";"Font-Awesome/src/assets/js/";4;131230;4
"52681";"Font-Awesome/src/3.2.1/";3;174974;4
"52842";"Font-Awesome/src/3.2.1/assets/";4;174974;4
"52898";"Font-Awesome/";1;-18463;4
"52906";"Font-Awesome/docs/assets/js/";4;-17212;4
"52911";"Font-Awesome/docs/";2;-17212;4
"52980";"Font-Awesome/src/";2;-7041;4
"53004";"Font-Awesome/src/3.2.1/";3;-6259;4
"53165";"Font-Awesome/src/3.2.1/assets/";4;-6259;4
"53329";"Font-Awesome/";1;-18463;4
"53337";"Font-Awesome/docs/assets/js/";4;-17212;4
"53342";"Font-Awesome/docs/";2;-17212;4
"53411";"Font-Awesome/src/";2;-7041;4
"53435";"Font-Awesome/src/3.2.1/";3;-6259;4
"53596";"Font-Awesome/src/3.2.1/assets/";4;-6259;4
"53760";"Font-Awesome/";1;-18463;4
"53768";"Font-Awesome/docs/assets/js/";4;-17212;4
"53773";"Font-Awesome/docs/";2;-17212;4
"53842";"Font-Awesome/src/";2;-7041;4
"53866";"Font-Awesome/src/3.2.1/";3;-6259;4
"54027";"Font-Awesome/src/3.2.1/assets/";4;-6259;4
"54191";"Font-Awesome/";1;-18463;4
"54199";"Font-Awesome/docs/assets/js/";4;-17212;4
"54204";"Font-Awesome/docs/";2;-17212;4
"54273";"Font-Awesome/src/";2;-7041;4
"54297";"Font-Awesome/src/3.2.1/";3;-6259;4
"54458";"Font-Awesome/src/3.2.1/assets/";4;-6259;4
"54622";"Font-Awesome/";1;-18463;4
"54630";"Font-Awesome/docs/assets/js/";4;-17212;4
"54635";"Font-Awesome/docs/";2;-17212;4
"54704";"Font-Awesome/src/";2;-7041;4
"54728";"Font-Awesome/src/3.2.1/";3;-6259;4
"54889";"Font-Awesome/src/3.2.1/assets/";4;-6259;4
"55053";"Font-Awesome/";1;-18463;4
"55061";"Font-Awesome/docs/assets/js/";4;-17212;4
"55066";"Font-Awesome/docs/";2;-17212;4
"55135";"Font-Awesome/src/";2;-7041;4
"55159";"Font-Awesome/src/3.2.1/";3;-6259;4
"55320";"Font-Awesome/src/3.2.1/assets/";4;-6259;4
"55484";"Font-Awesome/";1;-18463;4
"55492";"Font-Awesome/docs/assets/js/";4;-17212;4
"55497";"Font-Awesome/docs/";2;-17212;4
"55566";"Font-Awesome/src/";2;-7041;4
"55590";"Font-Awesome/src/3.2.1/";3;-6259;4
"55751";"Font-Awesome/src/3.2.1/assets/";4;-6259;4
"55915";"Font-Awesome/";1;-18463;4
"55923";"Font-Awesome/docs/assets/js/";4;-17212;4
"55928";"Font-Awesome/docs/";2;-17212;4
"55997";"Font-Awesome/src/";2;-7041;4
"56021";"Font-Awesome/src/3.2.1/";3;-6259;4
"56182";"Font-Awesome/src/3.2.1/assets/";4;-6259;4
"56346";"Font-Awesome/";1;-18040;4
"56354";"Font-Awesome/docs/assets/js/";4;-17212;4
"56359";"Font-Awesome/docs/";2;-17212;4
"56428";"Font-Awesome/src/";2;-7041;4
"56452";"Font-Awesome/src/3.2.1/";3;-6259;4
"56613";"Font-Awesome/src/3.2.1/assets/";4;-6259;4
"56777";"Font-Awesome/";1;-18040;4
"56785";"Font-Awesome/docs/assets/js/";4;-17212;4
"56790";"Font-Awesome/docs/";2;-17212;4
"56859";"Font-Awesome/src/";2;-7041;4
"56883";"Font-Awesome/src/3.2.1/";3;-6259;4
"57044";"Font-Awesome/src/3.2.1/assets/";4;-6259;4
"57208";"Font-Awesome/";1;-18040;4
"57216";"Font-Awesome/docs/assets/js/";4;-17212;4
"57221";"Font-Awesome/docs/";2;-17212;4
"57290";"Font-Awesome/src/";2;-7041;4
"57314";"Font-Awesome/src/3.2.1/";3;-6259;4
"57475";"Font-Awesome/src/3.2.1/assets/";4;-6259;4
"57639";"Font-Awesome/";1;-18040;4
"57647";"Font-Awesome/docs/assets/js/";4;-17212;4
"57652";"Font-Awesome/docs/";2;-17212;4
"57721";"Font-Awesome/src/";2;-7041;4
"57745";"Font-Awesome/src/3.2.1/";3;-6259;4
"57906";"Font-Awesome/src/3.2.1/assets/";4;-6259;4
"58070";"Font-Awesome/";1;-18040;4
"58078";"Font-Awesome/docs/assets/js/";4;-17212;4
"58083";"Font-Awesome/docs/";2;-17212;4
"58152";"Font-Awesome/src/";2;-7041;4
"58176";"Font-Awesome/src/3.2.1/";3;-6259;4
"58337";"Font-Awesome/src/3.2.1/assets/";4;-6259;4
"58501";"Font-Awesome/";1;-18040;4
"58509";"Font-Awesome/docs/assets/js/";4;-17212;4
"58514";"Font-Awesome/docs/";2;-17212;4
"58583";"Font-Awesome/src/";2;-7041;4
"58607";"Font-Awesome/src/3.2.1/";3;-6259;4
"58768";"Font-Awesome/src/3.2.1/assets/";4;-6259;4
"58932";"Font-Awesome/";1;-13237;4
"58940";"Font-Awesome/docs/assets/js/";4;-13237;4
"58945";"Font-Awesome/docs/";2;-13237;4
"59014";"Font-Awesome/src/";2;-7042;4
"59038";"Font-Awesome/src/3.2.1/";3;-6259;4
"59199";"Font-Awesome/src/3.2.1/assets/";4;-6259;4
"59363";"Font-Awesome/";1;-13237;4
"59371";"Font-Awesome/docs/assets/js/";4;-13237;4
"59376";"Font-Awesome/docs/";2;-13237;4
"59445";"Font-Awesome/src/";2;-7042;4
"59469";"Font-Awesome/src/3.2.1/";3;-6259;4
"59630";"Font-Awesome/src/3.2.1/assets/";4;-6259;4
"59794";"Font-Awesome/";1;-8500;4
"59802";"Font-Awesome/docs/assets/js/";4;-8500;4
"59807";"Font-Awesome/docs/";2;-8500;4
"59876";"Font-Awesome/src/";2;-7041;4
"59900";"Font-Awesome/src/3.2.1/";3;-6259;4
"60061";"Font-Awesome/src/3.2.1/assets/";4;-6259;4
"60225";"Font-Awesome/";1;-8500;4
"60233";"Font-Awesome/docs/assets/js/";4;-8500;4
"60238";"Font-Awesome/docs/";2;-8500;4
"60307";"Font-Awesome/src/";2;-7041;4
"60331";"Font-Awesome/src/3.2.1/";3;-6259;4
"60492";"Font-Awesome/src/3.2.1/assets/";4;-6259;4
"191464";"Font-Awesome/";1;-1242370;4
"191472";"Font-Awesome/docs/assets/js/";4;-1242370;4
"191477";"Font-Awesome/docs/";2;-1242370;4
"191491";"Font-Awesome/build/";2;-354273;4
"191500";"Font-Awesome/build/_plugins/";3;-70854;4
"191505";"Font-Awesome/build/assets/js/";4;-283418;4
"191524";"Font-Awesome/build/assets/";3;-283418;4
"191546";"Font-Awesome/src/";2;-1242370;4
"191554";"Font-Awesome/src/_plugins/";3;-141709;4
"191560";"Font-Awesome/src/assets/js/";4;-283418;4
"191570";"Font-Awesome/src/3.2.1/";3;-1133672;4
"191731";"Font-Awesome/src/3.2.1/assets/";4;-1133672;4
"191891";"Font-Awesome/src/assets/";3;-283418;4
"191902";"Font-Awesome/";1;-1242370;4
"191910";"Font-Awesome/docs/assets/js/";4;-1242370;4
"191915";"Font-Awesome/docs/";2;-1242370;4
"191929";"Font-Awesome/build/";2;-354273;4
"191938";"Font-Awesome/build/_plugins/";3;-70854;4
"191943";"Font-Awesome/build/assets/js/";4;-283418;4
"191962";"Font-Awesome/build/assets/";3;-283418;4
"191984";"Font-Awesome/src/";2;-1242370;4
"191992";"Font-Awesome/src/_plugins/";3;-141709;4
"191998";"Font-Awesome/src/assets/js/";4;-283418;4
"192008";"Font-Awesome/src/3.2.1/";3;-1133672;4
"192169";"Font-Awesome/src/3.2.1/assets/";4;-1133672;4
"192329";"Font-Awesome/src/assets/";3;-283418;4
"192340";"Font-Awesome/";1;-1242370;4
"192348";"Font-Awesome/docs/assets/js/";4;-1242370;4
"192353";"Font-Awesome/docs/";2;-1242370;4
"192367";"Font-Awesome/build/";2;-354273;4
"192376";"Font-Awesome/build/_plugins/";3;-70854;4
"192381";"Font-Awesome/build/assets/js/";4;-283418;4
"192400";"Font-Awesome/build/assets/";3;-283418;4
"192422";"Font-Awesome/src/";2;-1242370;4
"192430";"Font-Awesome/src/_plugins/";3;-141709;4
"192436";"Font-Awesome/src/assets/js/";4;-283418;4
"192446";"Font-Awesome/src/3.2.1/";3;-1133672;4
"192607";"Font-Awesome/src/3.2.1/assets/";4;-1133672;4
"192767";"Font-Awesome/src/assets/";3;-283418;4
"192778";"Font-Awesome/";1;-1242370;4
"192786";"Font-Awesome/docs/assets/js/";4;-1242370;4
"192791";"Font-Awesome/docs/";2;-1242370;4
"192805";"Font-Awesome/build/";2;-354273;4
"192814";"Font-Awesome/build/_plugins/";3;-70854;4
"192819";"Font-Awesome/build/assets/js/";4;-283418;4
"192838";"Font-Awesome/build/assets/";3;-283418;4
"192860";"Font-Awesome/src/";2;-1242370;4
"192868";"Font-Awesome/src/_plugins/";3;-141709;4
"192874";"Font-Awesome/src/assets/js/";4;-283418;4
"192884";"Font-Awesome/src/3.2.1/";3;-1133672;4
"193045";"Font-Awesome/src/3.2.1/assets/";4;-1133672;4
"193205";"Font-Awesome/src/assets/";3;-283418;4
"193216";"Font-Awesome/";1;-1242370;4
"193224";"Font-Awesome/docs/assets/js/";4;-1242370;4
"193229";"Font-Awesome/docs/";2;-1242370;4
"193243";"Font-Awesome/build/";2;-354273;4
"193252";"Font-Awesome/build/_plugins/";3;-70854;4
"193257";"Font-Awesome/build/assets/js/";4;-283418;4
"193276";"Font-Awesome/build/assets/";3;-283418;4
"193298";"Font-Awesome/src/";2;-1242370;4
"193306";"Font-Awesome/src/_plugins/";3;-141709;4
"193312";"Font-Awesome/src/assets/js/";4;-283418;4
"193322";"Font-Awesome/src/3.2.1/";3;-1133672;4
"193483";"Font-Awesome/src/3.2.1/assets/";4;-1133672;4
"193643";"Font-Awesome/src/assets/";3;-283418;4
"193654";"Font-Awesome/";1;-1253080;4
"193662";"Font-Awesome/docs/assets/js/";4;-1253080;4
"193667";"Font-Awesome/docs/";2;-1253080;4
"193681";"Font-Awesome/build/";2;-354273;4
"193690";"Font-Awesome/build/_plugins/";3;-70855;4
"193695";"Font-Awesome/build/assets/js/";4;-283418;4
"193714";"Font-Awesome/build/assets/";3;-283418;4
"193736";"Font-Awesome/src/";2;-1253080;4
"193744";"Font-Awesome/src/_plugins/";3;-141709;4
"193750";"Font-Awesome/src/assets/js/";4;-283418;4
"193760";"Font-Awesome/src/3.2.1/";3;-1133672;4
"193921";"Font-Awesome/src/3.2.1/assets/";4;-1133672;4
"194081";"Font-Awesome/src/assets/";3;-283418;4
"194092";"Font-Awesome/";1;-1253080;4
"194100";"Font-Awesome/docs/assets/js/";4;-1253080;4
"194105";"Font-Awesome/docs/";2;-1253080;4
"194119";"Font-Awesome/build/";2;-354273;4
"194128";"Font-Awesome/build/_plugins/";3;-70855;4
"194133";"Font-Awesome/build/assets/js/";4;-283418;4
"194152";"Font-Awesome/build/assets/";3;-283418;4
"194174";"Font-Awesome/src/";2;-1253080;4
"194182";"Font-Awesome/src/_plugins/";3;-141709;4
"194188";"Font-Awesome/src/assets/js/";4;-283418;4
"194198";"Font-Awesome/src/3.2.1/";3;-1133672;4
"194359";"Font-Awesome/src/3.2.1/assets/";4;-1133672;4
"194519";"Font-Awesome/src/assets/";3;-283418;4
"194530";"Font-Awesome/";1;-1253080;4
"194538";"Font-Awesome/docs/assets/js/";4;-1253080;4
"194543";"Font-Awesome/docs/";2;-1253080;4
"194557";"Font-Awesome/build/";2;-354273;4
"194566";"Font-Awesome/build/_plugins/";3;-70855;4
"194571";"Font-Awesome/build/assets/js/";4;-283418;4
"194590";"Font-Awesome/build/assets/";3;-283418;4
"194612";"Font-Awesome/src/";2;-1253080;4
"194620";"Font-Awesome/src/_plugins/";3;-141709;4
"194626";"Font-Awesome/src/assets/js/";4;-283418;4
"194636";"Font-Awesome/src/3.2.1/";3;-1133672;4
"194797";"Font-Awesome/src/3.2.1/assets/";4;-1133672;4
"194957";"Font-Awesome/src/assets/";3;-283418;4
"194968";"Font-Awesome/";1;-1253080;4
"194976";"Font-Awesome/docs/assets/js/";4;-1253080;4
"194981";"Font-Awesome/docs/";2;-1253080;4
"194995";"Font-Awesome/build/";2;-354273;4
"195004";"Font-Awesome/build/_plugins/";3;-70855;4
"195009";"Font-Awesome/build/assets/js/";4;-283418;4
"195028";"Font-Awesome/build/assets/";3;-283418;4
"195050";"Font-Awesome/src/";2;-1253080;4
"195058";"Font-Awesome/src/_plugins/";3;-141709;4
"195064";"Font-Awesome/src/assets/js/";4;-283418;4
"195074";"Font-Awesome/src/3.2.1/";3;-1133672;4
"195235";"Font-Awesome/src/3.2.1/assets/";4;-1133672;4
"195395";"Font-Awesome/src/assets/";3;-283418;4
"195406";"Font-Awesome/";1;-1263789;4
"195414";"Font-Awesome/docs/assets/js/";4;-1263789;4
"195419";"Font-Awesome/docs/";2;-1263789;4
"195433";"Font-Awesome/build/";2;-354272;4
"195442";"Font-Awesome/build/_plugins/";3;-70854;4
"195447";"Font-Awesome/build/assets/js/";4;-283418;4
"195466";"Font-Awesome/build/assets/";3;-283418;4
"195488";"Font-Awesome/src/";2;-1263789;4
"195496";"Font-Awesome/src/_plugins/";3;-141709;4
"195502";"Font-Awesome/src/assets/js/";4;-283418;4
"195512";"Font-Awesome/src/3.2.1/";3;-1133672;4
"195673";"Font-Awesome/src/3.2.1/assets/";4;-1133672;4
"195833";"Font-Awesome/src/assets/";3;-283418;4
"195844";"Font-Awesome/";1;-1263789;4
"195852";"Font-Awesome/docs/assets/js/";4;-1263789;4
"195857";"Font-Awesome/docs/";2;-1263789;4
"195871";"Font-Awesome/build/";2;-354272;4
"195880";"Font-Awesome/build/_plugins/";3;-70854;4
"195885";"Font-Awesome/build/assets/js/";4;-283418;4
"195904";"Font-Awesome/build/assets/";3;-283418;4
"195926";"Font-Awesome/src/";2;-1263789;4
"195934";"Font-Awesome/src/_plugins/";3;-141709;4
"195940";"Font-Awesome/src/assets/js/";4;-283418;4
"195950";"Font-Awesome/src/3.2.1/";3;-1133672;4
"196111";"Font-Awesome/src/3.2.1/assets/";4;-1133672;4
"196271";"Font-Awesome/src/assets/";3;-283418;4
"196282";"Font-Awesome/";1;-1263789;4
"196290";"Font-Awesome/docs/assets/js/";4;-1263789;4
"196295";"Font-Awesome/docs/";2;-1263789;4
"196309";"Font-Awesome/build/";2;-354272;4
"196318";"Font-Awesome/build/_plugins/";3;-70854;4
"196323";"Font-Awesome/build/assets/js/";4;-283418;4
"196342";"Font-Awesome/build/assets/";3;-283418;4
"196364";"Font-Awesome/src/";2;-1263789;4
"196372";"Font-Awesome/src/_plugins/";3;-141709;4
"196378";"Font-Awesome/src/assets/js/";4;-283418;4
"196388";"Font-Awesome/src/3.2.1/";3;-1133672;4
"196549";"Font-Awesome/src/3.2.1/assets/";4;-1133672;4
"196709";"Font-Awesome/src/assets/";3;-283418;4
"196720";"Font-Awesome/";1;-1263789;4
"196728";"Font-Awesome/docs/assets/js/";4;-1263789;4
"196733";"Font-Awesome/docs/";2;-1263789;4
"196747";"Font-Awesome/build/";2;-354272;4
"196756";"Font-Awesome/build/_plugins/";3;-70854;4
"196761";"Font-Awesome/build/assets/js/";4;-283418;4
"196780";"Font-Awesome/build/assets/";3;-283418;4
"196802";"Font-Awesome/src/";2;-1263789;4
"196810";"Font-Awesome/src/_plugins/";3;-141709;4
"196816";"Font-Awesome/src/assets/js/";4;-283418;4
"196826";"Font-Awesome/src/3.2.1/";3;-1133672;4
"196987";"Font-Awesome/src/3.2.1/assets/";4;-1133672;4
"197147";"Font-Awesome/src/assets/";3;-283418;4
"197158";"Font-Awesome/";1;-1263789;4
"197166";"Font-Awesome/docs/assets/js/";4;-1263789;4
"197171";"Font-Awesome/docs/";2;-1263789;4
"197185";"Font-Awesome/build/";2;-354272;4
"197194";"Font-Awesome/build/_plugins/";3;-70854;4
"197199";"Font-Awesome/build/assets/js/";4;-283418;4
"197218";"Font-Awesome/build/assets/";3;-283418;4
"197240";"Font-Awesome/src/";2;-1263789;4
"197248";"Font-Awesome/src/_plugins/";3;-141709;4
"197254";"Font-Awesome/src/assets/js/";4;-283418;4
"197264";"Font-Awesome/src/3.2.1/";3;-1133672;4
"197425";"Font-Awesome/src/3.2.1/assets/";4;-1133672;4
"197585";"Font-Awesome/src/assets/";3;-283418;4
"197596";"Font-Awesome/";1;-1263789;4
"197604";"Font-Awesome/docs/assets/js/";4;-1263789;4
"197609";"Font-Awesome/docs/";2;-1263789;4
"197623";"Font-Awesome/build/";2;-354272;4
"197632";"Font-Awesome/build/_plugins/";3;-70854;4
"197637";"Font-Awesome/build/assets/js/";4;-283418;4
"197656";"Font-Awesome/build/assets/";3;-283418;4
"197678";"Font-Awesome/src/";2;-1263789;4
"197686";"Font-Awesome/src/_plugins/";3;-141709;4
"197692";"Font-Awesome/src/assets/js/";4;-283418;4
"197702";"Font-Awesome/src/3.2.1/";3;-1133672;4
"197863";"Font-Awesome/src/3.2.1/assets/";4;-1133672;4
"198023";"Font-Awesome/src/assets/";3;-283418;4
"198034";"Font-Awesome/";1;-1263789;4
"198042";"Font-Awesome/docs/assets/js/";4;-1263789;4
"198047";"Font-Awesome/docs/";2;-1263789;4
"198061";"Font-Awesome/build/";2;-354272;4
"198070";"Font-Awesome/build/_plugins/";3;-70854;4
"198075";"Font-Awesome/build/assets/js/";4;-283418;4
"198094";"Font-Awesome/build/assets/";3;-283418;4
"198116";"Font-Awesome/src/";2;-1263789;4
"198124";"Font-Awesome/src/_plugins/";3;-141709;4
"198130";"Font-Awesome/src/assets/js/";4;-283418;4
"198140";"Font-Awesome/src/3.2.1/";3;-1133672;4
"198301";"Font-Awesome/src/3.2.1/assets/";4;-1133672;4
"198461";"Font-Awesome/src/assets/";3;-283418;4
"198472";"Font-Awesome/";1;-1263789;4
"198480";"Font-Awesome/docs/assets/js/";4;-1263789;4
"198485";"Font-Awesome/docs/";2;-1263789;4
"198499";"Font-Awesome/build/";2;-354272;4
"198508";"Font-Awesome/build/_plugins/";3;-70854;4
"198513";"Font-Awesome/build/assets/js/";4;-283418;4
"198532";"Font-Awesome/build/assets/";3;-283418;4
"198554";"Font-Awesome/src/";2;-1263789;4
"198562";"Font-Awesome/src/_plugins/";3;-141709;4
"198568";"Font-Awesome/src/assets/js/";4;-283418;4
"198578";"Font-Awesome/src/3.2.1/";3;-1133672;4
"198739";"Font-Awesome/src/3.2.1/assets/";4;-1133672;4
"198899";"Font-Awesome/src/assets/";3;-283418;4
"198910";"Font-Awesome/";1;-1263789;4
"198918";"Font-Awesome/docs/assets/js/";4;-1263789;4
"198923";"Font-Awesome/docs/";2;-1263789;4
"198937";"Font-Awesome/build/";2;-354272;4
"198946";"Font-Awesome/build/_plugins/";3;-70854;4
"198951";"Font-Awesome/build/assets/js/";4;-283418;4
"198970";"Font-Awesome/build/assets/";3;-283418;4
"198992";"Font-Awesome/src/";2;-1263789;4
"199000";"Font-Awesome/src/_plugins/";3;-141709;4
"199006";"Font-Awesome/src/assets/js/";4;-283418;4
"199016";"Font-Awesome/src/3.2.1/";3;-1133672;4
"199177";"Font-Awesome/src/3.2.1/assets/";4;-1133672;4
"199337";"Font-Awesome/src/assets/";3;-283418;4
"199348";"Font-Awesome/";1;-1274499;4
"199356";"Font-Awesome/docs/assets/js/";4;-1274499;4
"199361";"Font-Awesome/docs/";2;-1274499;4
"199375";"Font-Awesome/build/";2;-354272;4
"199384";"Font-Awesome/build/_plugins/";3;-70854;4
"199389";"Font-Awesome/build/assets/js/";4;-283418;4
"199408";"Font-Awesome/build/assets/";3;-283418;4
"199430";"Font-Awesome/src/";2;-1274499;4
"199438";"Font-Awesome/src/_plugins/";3;-141709;4
"199444";"Font-Awesome/src/assets/js/";4;-283418;4
"199454";"Font-Awesome/src/3.2.1/";3;-1133672;4
"199615";"Font-Awesome/src/3.2.1/assets/";4;-1133672;4
"199775";"Font-Awesome/src/assets/";3;-283418;4
"199786";"Font-Awesome/";1;-1274499;4
"199794";"Font-Awesome/docs/assets/js/";4;-1274499;4
"199799";"Font-Awesome/docs/";2;-1274499;4
"199813";"Font-Awesome/build/";2;-354272;4
"199822";"Font-Awesome/build/_plugins/";3;-70854;4
"199827";"Font-Awesome/build/assets/js/";4;-283418;4
"199846";"Font-Awesome/build/assets/";3;-283418;4
"199868";"Font-Awesome/src/";2;-1274499;4
"199876";"Font-Awesome/src/_plugins/";3;-141709;4
"199882";"Font-Awesome/src/assets/js/";4;-283418;4
"199892";"Font-Awesome/src/3.2.1/";3;-1133672;4
"200053";"Font-Awesome/src/3.2.1/assets/";4;-1133672;4
"200213";"Font-Awesome/src/assets/";3;-283418;4
"200224";"Font-Awesome/";1;-1274499;4
"200232";"Font-Awesome/docs/assets/js/";4;-1274499;4
"200237";"Font-Awesome/docs/";2;-1274499;4
"200251";"Font-Awesome/build/";2;-354272;4
"200260";"Font-Awesome/build/_plugins/";3;-70854;4
"200265";"Font-Awesome/build/assets/js/";4;-283418;4
"200284";"Font-Awesome/build/assets/";3;-283418;4
"200306";"Font-Awesome/src/";2;-1274499;4
"200314";"Font-Awesome/src/_plugins/";3;-141709;4
"200320";"Font-Awesome/src/assets/js/";4;-283418;4
"200330";"Font-Awesome/src/3.2.1/";3;-1133672;4
"200491";"Font-Awesome/src/3.2.1/assets/";4;-1133672;4
"200651";"Font-Awesome/src/assets/";3;-283418;4
